signal_id,account_id,signal_type,signal_value,signal_source,signal_timestamp
SIG-000001,ACC-00003,pricing_page_visit,1,web_analytics,2026-09-16 09:00:00
SIG-000002,ACC-00003,pricing_page_visit,1,web_analytics,2026-09-10 09:00:00
SIG-000003,ACC-00003,pricing_page_visit,1,web_analytics,2026-08-29 08:00:00
SIG-000004,ACC-00003,job_posting_ml_engineer,2,clay,2026-09-07 16:00:00
SIG-000005,ACC-00003,website_visit,5,web_analytics,2026-09-17 01:00:00
SIG-000006,ACC-00003,website_visit,5,web_analytics,2026-09-04 04:00:00
SIG-000007,ACC-00003,website_visit,5,web_analytics,2026-08-10 18:00:00
SIG-000008,ACC-00003,product_usage_growth,40,product_telemetry,2026-09-18 07:00:00
SIG-000009,ACC-00001,website_visit,4,web_analytics,2026-09-13 12:00:00
SIG-000010,ACC-00001,pricing_page_visit,1,web_analytics,2026-09-14 09:00:00
SIG-000011,ACC-00002,website_visit,6,web_analytics,2026-09-09 00:00:00
SIG-000012,ACC-00002,demo_request,1,web_analytics,2026-08-20 09:00:00
SIG-000013,ACC-00190,website_visit,4,web_analytics,2026-05-17 17:00:00
SIG-000014,ACC-00040,job_posting_ml_engineer,1,clay,2026-06-05 20:00:00
SIG-000015,ACC-00121,open_source_model_interest,1,job_boards,2026-08-15 22:00:00
SIG-000016,ACC-00023,email_engagement,1,email_platform,2026-07-21 09:00:00
SIG-000017,ACC-00098,open_source_model_interest,1,job_boards,2026-05-27 10:00:00
SIG-000018,ACC-00063,website_visit,2,web_analytics,2026-08-08 04:00:00
SIG-000019,ACC-00108,website_visit,6,web_analytics,2026-07-03 04:00:00
SIG-000020,ACC-00010,website_visit,5,web_analytics,2026-06-28 14:00:00
SIG-000021,ACC-00066,open_source_model_interest,1,job_boards,2026-07-15 13:00:00
SIG-000022,ACC-00108,product_usage_growth,49,product_telemetry,2026-08-24 14:00:00
SIG-000023,ACC-00005,product_usage_growth,15,product_telemetry,2026-06-09 07:00:00
SIG-000024,ACC-00169,website_visit,5,web_analytics,2026-09-03 12:00:00
SIG-000025,ACC-00117,product_usage_growth,5,product_telemetry,2026-09-09 04:00:00
SIG-000026,ACC-00163,pricing_page_visit,1,web_analytics,2026-06-13 21:00:00
SIG-000027,ACC-00100,website_visit,3,web_analytics,2026-05-28 14:00:00
SIG-000028,ACC-00166,email_engagement,1,email_platform,2026-05-20 17:00:00
SIG-000029,ACC-00108,website_visit,4,web_analytics,2026-09-15 06:00:00
SIG-000030,ACC-00095,email_engagement,1,email_platform,2026-06-29 06:00:00
SIG-000031,ACC-00004,website_visit,4,web_analytics,2026-09-05 03:00:00
SIG-000032,ACC-00200,email_engagement,1,email_platform,2026-07-17 21:00:00
SIG-000033,ACC-00155,product_usage_growth,39,product_telemetry,2026-06-21 13:00:00
SIG-000034,ACC-00163,website_visit,6,web_analytics,2026-08-14 00:00:00
SIG-000035,ACC-00130,email_engagement,1,email_platform,2026-08-27 17:00:00
SIG-000036,ACC-00066,website_visit,8,web_analytics,2026-07-30 14:00:00
SIG-000037,ACC-00054,open_source_model_interest,1,job_boards,2026-08-13 00:00:00
SIG-000038,ACC-00040,funding_event,1,news_feed,2026-06-10 00:00:00
SIG-000039,ACC-00092,pricing_page_visit,1,web_analytics,2026-06-30 13:00:00
SIG-000040,ACC-00147,job_posting_ml_engineer,2,clay,2026-06-15 09:00:00
SIG-000041,ACC-00079,website_visit,1,web_analytics,2026-08-03 23:00:00
SIG-000042,ACC-00166,website_visit,2,web_analytics,2026-06-26 19:00:00
SIG-000043,ACC-00100,open_source_model_interest,1,job_boards,2026-05-28 18:00:00
SIG-000044,ACC-00066,job_posting_ml_engineer,3,clay,2026-09-19 17:00:00
SIG-000045,ACC-00193,pricing_page_visit,1,web_analytics,2026-06-15 07:00:00
SIG-000046,ACC-00029,product_usage_growth,47,product_telemetry,2026-09-01 17:00:00
SIG-000047,ACC-00098,website_visit,2,web_analytics,2026-08-07 06:00:00
SIG-000048,ACC-00006,email_engagement,1,email_platform,2026-09-12 05:00:00
SIG-000049,ACC-00046,email_engagement,1,email_platform,2026-08-25 08:00:00
SIG-000050,ACC-00063,pricing_page_visit,1,web_analytics,2026-07-21 15:00:00
SIG-000051,ACC-00163,email_engagement,1,email_platform,2026-06-19 18:00:00
SIG-000052,ACC-00092,product_usage_growth,2,product_telemetry,2026-09-13 12:00:00
SIG-000053,ACC-00092,open_source_model_interest,1,job_boards,2026-06-10 03:00:00
SIG-000054,ACC-00173,website_visit,7,web_analytics,2026-06-14 07:00:00
SIG-000055,ACC-00005,website_visit,8,web_analytics,2026-07-13 00:00:00
SIG-000056,ACC-00198,job_posting_ml_engineer,1,clay,2026-06-06 00:00:00
SIG-000057,ACC-00005,product_usage_growth,20,product_telemetry,2026-05-21 09:00:00
SIG-000058,ACC-00191,website_visit,3,web_analytics,2026-08-06 13:00:00
SIG-000059,ACC-00053,website_visit,7,web_analytics,2026-07-29 22:00:00
SIG-000060,ACC-00166,website_visit,2,web_analytics,2026-06-10 01:00:00
SIG-000061,ACC-00089,email_engagement,1,email_platform,2026-06-05 14:00:00
SIG-000062,ACC-00163,email_engagement,1,email_platform,2026-07-08 01:00:00
SIG-000063,ACC-00109,website_visit,8,web_analytics,2026-08-06 10:00:00
SIG-000064,ACC-00166,email_engagement,1,email_platform,2026-06-26 20:00:00
SIG-000065,ACC-00193,email_engagement,1,email_platform,2026-06-25 09:00:00
SIG-000066,ACC-00142,product_usage_growth,7,product_telemetry,2026-07-04 19:00:00
SIG-000067,ACC-00098,website_visit,7,web_analytics,2026-05-29 12:00:00
SIG-000068,ACC-00108,job_posting_ml_engineer,1,clay,2026-08-10 16:00:00
SIG-000069,ACC-00143,pricing_page_visit,1,web_analytics,2026-07-30 17:00:00
SIG-000070,ACC-00130,website_visit,6,web_analytics,2026-06-17 04:00:00
SIG-000071,ACC-00166,open_source_model_interest,1,job_boards,2026-05-16 23:00:00
SIG-000072,ACC-00142,email_engagement,1,email_platform,2026-07-14 19:00:00
SIG-000073,ACC-00027,website_visit,7,web_analytics,2026-07-27 11:00:00
SIG-000074,ACC-00177,website_visit,7,web_analytics,2026-05-21 14:00:00
SIG-000075,ACC-00157,funding_event,1,news_feed,2026-07-11 05:00:00
SIG-000076,ACC-00093,email_engagement,1,email_platform,2026-06-10 00:00:00
SIG-000077,ACC-00143,open_source_model_interest,1,job_boards,2026-08-23 03:00:00
SIG-000078,ACC-00089,email_engagement,1,email_platform,2026-08-02 14:00:00
SIG-000079,ACC-00065,product_usage_growth,7,product_telemetry,2026-09-12 22:00:00
SIG-000080,ACC-00079,website_visit,7,web_analytics,2026-09-10 00:00:00
SIG-000081,ACC-00150,product_usage_growth,58,product_telemetry,2026-05-20 21:00:00
SIG-000082,ACC-00092,product_usage_growth,2,product_telemetry,2026-05-22 14:00:00
SIG-000083,ACC-00189,product_usage_growth,1,product_telemetry,2026-07-25 07:00:00
SIG-000084,ACC-00092,pricing_page_visit,1,web_analytics,2026-07-06 04:00:00
SIG-000085,ACC-00124,website_visit,2,web_analytics,2026-05-14 15:00:00
SIG-000086,ACC-00101,email_engagement,1,email_platform,2026-08-15 12:00:00
SIG-000087,ACC-00163,product_usage_growth,30,product_telemetry,2026-08-04 16:00:00
SIG-000088,ACC-00165,open_source_model_interest,1,job_boards,2026-05-27 10:00:00
SIG-000089,ACC-00198,website_visit,3,web_analytics,2026-08-16 23:00:00
SIG-000090,ACC-00122,pricing_page_visit,1,web_analytics,2026-09-10 01:00:00
SIG-000091,ACC-00100,open_source_model_interest,1,job_boards,2026-09-17 22:00:00
SIG-000092,ACC-00061,job_posting_ml_engineer,3,clay,2026-08-24 06:00:00
SIG-000093,ACC-00082,website_visit,1,web_analytics,2026-05-25 19:00:00
SIG-000094,ACC-00138,pricing_page_visit,1,web_analytics,2026-06-20 12:00:00
SIG-000095,ACC-00108,website_visit,4,web_analytics,2026-09-14 00:00:00
SIG-000096,ACC-00035,pricing_page_visit,1,web_analytics,2026-09-06 23:00:00
SIG-000097,ACC-00173,website_visit,1,web_analytics,2026-06-05 04:00:00
SIG-000098,ACC-00155,website_visit,3,web_analytics,2026-07-04 05:00:00
SIG-000099,ACC-00173,email_engagement,1,email_platform,2026-05-11 19:00:00
SIG-000100,ACC-00076,website_visit,2,web_analytics,2026-07-30 10:00:00
SIG-000101,ACC-00055,pricing_page_visit,1,web_analytics,2026-09-09 01:00:00
SIG-000102,ACC-00057,job_posting_ml_engineer,3,clay,2026-09-19 18:00:00
SIG-000103,ACC-00032,product_usage_growth,1,product_telemetry,2026-05-12 16:00:00
SIG-000104,ACC-00029,product_usage_growth,27,product_telemetry,2026-07-14 04:00:00
SIG-000105,ACC-00054,product_usage_growth,30,product_telemetry,2026-06-01 19:00:00
SIG-000106,ACC-00198,product_usage_growth,11,product_telemetry,2026-06-27 07:00:00
SIG-000107,ACC-00163,website_visit,2,web_analytics,2026-08-04 15:00:00
SIG-000108,ACC-00130,website_visit,7,web_analytics,2026-08-08 15:00:00
SIG-000109,ACC-00193,website_visit,3,web_analytics,2026-05-19 00:00:00
SIG-000110,ACC-00050,email_engagement,1,email_platform,2026-05-19 03:00:00
SIG-000111,ACC-00122,pricing_page_visit,1,web_analytics,2026-09-15 20:00:00
SIG-000112,ACC-00138,job_posting_ml_engineer,3,clay,2026-08-26 05:00:00
SIG-000113,ACC-00067,email_engagement,1,email_platform,2026-09-16 22:00:00
SIG-000114,ACC-00133,product_usage_growth,-1,product_telemetry,2026-05-17 08:00:00
SIG-000115,ACC-00089,website_visit,4,web_analytics,2026-07-21 16:00:00
SIG-000116,ACC-00150,pricing_page_visit,1,web_analytics,2026-08-20 03:00:00
SIG-000117,ACC-00008,website_visit,7,web_analytics,2026-09-19 16:00:00
SIG-000118,ACC-00162,email_engagement,1,email_platform,2026-06-18 17:00:00
SIG-000119,ACC-00120,pricing_page_visit,1,web_analytics,2026-08-21 15:00:00
SIG-000120,ACC-00060,website_visit,6,web_analytics,2026-06-15 20:00:00
SIG-000121,ACC-00054,email_engagement,1,email_platform,2026-07-31 12:00:00
SIG-000122,ACC-00108,website_visit,4,web_analytics,2026-06-05 17:00:00
SIG-000123,ACC-00176,email_engagement,1,email_platform,2026-08-16 03:00:00
SIG-000124,ACC-00193,website_visit,7,web_analytics,2026-08-04 20:00:00
SIG-000125,ACC-00191,product_usage_growth,31,product_telemetry,2026-05-13 06:00:00
SIG-000126,ACC-00166,open_source_model_interest,1,job_boards,2026-06-24 09:00:00
SIG-000127,ACC-00038,website_visit,5,web_analytics,2026-07-26 12:00:00
SIG-000128,ACC-00191,website_visit,6,web_analytics,2026-05-14 01:00:00
SIG-000129,ACC-00086,job_posting_ml_engineer,4,clay,2026-07-08 05:00:00
SIG-000130,ACC-00137,website_visit,7,web_analytics,2026-09-05 12:00:00
SIG-000131,ACC-00054,open_source_model_interest,1,job_boards,2026-07-06 12:00:00
SIG-000132,ACC-00012,pricing_page_visit,1,web_analytics,2026-06-12 11:00:00
SIG-000133,ACC-00182,website_visit,1,web_analytics,2026-06-04 21:00:00
SIG-000134,ACC-00155,website_visit,5,web_analytics,2026-07-23 22:00:00
SIG-000135,ACC-00169,pricing_page_visit,1,web_analytics,2026-05-28 13:00:00
SIG-000136,ACC-00023,website_visit,3,web_analytics,2026-09-09 05:00:00
SIG-000137,ACC-00089,website_visit,5,web_analytics,2026-05-22 20:00:00
SIG-000138,ACC-00014,website_visit,6,web_analytics,2026-05-17 00:00:00
SIG-000139,ACC-00022,funding_event,1,news_feed,2026-09-02 02:00:00
SIG-000140,ACC-00155,email_engagement,1,email_platform,2026-07-26 21:00:00
SIG-000141,ACC-00100,website_visit,8,web_analytics,2026-06-23 04:00:00
SIG-000142,ACC-00172,email_engagement,1,email_platform,2026-06-14 15:00:00
SIG-000143,ACC-00155,job_posting_ml_engineer,3,clay,2026-05-12 04:00:00
SIG-000144,ACC-00079,product_usage_growth,55,product_telemetry,2026-08-29 15:00:00
SIG-000145,ACC-00198,email_engagement,1,email_platform,2026-07-26 21:00:00
SIG-000146,ACC-00010,website_visit,7,web_analytics,2026-09-13 04:00:00
SIG-000147,ACC-00013,website_visit,1,web_analytics,2026-09-01 00:00:00
SIG-000148,ACC-00070,pricing_page_visit,1,web_analytics,2026-07-01 18:00:00
SIG-000149,ACC-00010,email_engagement,1,email_platform,2026-06-20 02:00:00
SIG-000150,ACC-00181,website_visit,2,web_analytics,2026-06-14 06:00:00
SIG-000151,ACC-00011,email_engagement,1,email_platform,2026-07-05 22:00:00
SIG-000152,ACC-00181,product_usage_growth,60,product_telemetry,2026-08-14 15:00:00
SIG-000153,ACC-00163,email_engagement,1,email_platform,2026-06-23 12:00:00
SIG-000154,ACC-00172,product_usage_growth,13,product_telemetry,2026-07-24 23:00:00
SIG-000155,ACC-00053,website_visit,1,web_analytics,2026-09-01 09:00:00
SIG-000156,ACC-00068,website_visit,8,web_analytics,2026-08-17 21:00:00
SIG-000157,ACC-00029,website_visit,2,web_analytics,2026-05-18 04:00:00
SIG-000158,ACC-00181,website_visit,3,web_analytics,2026-06-02 13:00:00
SIG-000159,ACC-00066,funding_event,1,news_feed,2026-08-15 21:00:00
SIG-000160,ACC-00126,email_engagement,1,email_platform,2026-08-23 13:00:00
SIG-000161,ACC-00024,product_usage_growth,23,product_telemetry,2026-08-30 19:00:00
SIG-000162,ACC-00004,product_usage_growth,17,product_telemetry,2026-09-10 01:00:00
SIG-000163,ACC-00155,email_engagement,1,email_platform,2026-07-24 00:00:00
SIG-000164,ACC-00078,website_visit,2,web_analytics,2026-05-14 18:00:00
SIG-000165,ACC-00161,demo_request,1,web_analytics,2026-08-05 00:00:00
SIG-000166,ACC-00172,product_usage_growth,35,product_telemetry,2026-09-09 11:00:00
SIG-000167,ACC-00063,website_visit,6,web_analytics,2026-07-29 02:00:00
SIG-000168,ACC-00096,pricing_page_visit,1,web_analytics,2026-06-29 15:00:00
SIG-000169,ACC-00137,email_engagement,1,email_platform,2026-08-06 06:00:00
SIG-000170,ACC-00097,email_engagement,1,email_platform,2026-07-24 02:00:00
SIG-000171,ACC-00100,email_engagement,1,email_platform,2026-08-15 04:00:00
SIG-000172,ACC-00006,email_engagement,1,email_platform,2026-08-03 13:00:00
SIG-000173,ACC-00191,product_usage_growth,32,product_telemetry,2026-08-21 03:00:00
SIG-000174,ACC-00126,website_visit,3,web_analytics,2026-07-19 17:00:00
SIG-000175,ACC-00163,website_visit,1,web_analytics,2026-08-08 10:00:00
SIG-000176,ACC-00136,open_source_model_interest,1,job_boards,2026-07-26 04:00:00
SIG-000177,ACC-00124,product_usage_growth,42,product_telemetry,2026-08-14 00:00:00
SIG-000178,ACC-00050,email_engagement,1,email_platform,2026-05-25 23:00:00
SIG-000179,ACC-00062,pricing_page_visit,1,web_analytics,2026-07-30 02:00:00
SIG-000180,ACC-00133,demo_request,1,web_analytics,2026-05-20 23:00:00
SIG-000181,ACC-00140,email_engagement,1,email_platform,2026-08-16 23:00:00
SIG-000182,ACC-00004,product_usage_growth,37,product_telemetry,2026-09-07 20:00:00
SIG-000183,ACC-00062,open_source_model_interest,1,job_boards,2026-08-25 05:00:00
SIG-000184,ACC-00142,job_posting_ml_engineer,3,clay,2026-06-07 10:00:00
SIG-000185,ACC-00191,job_posting_ml_engineer,1,clay,2026-09-18 06:00:00
SIG-000186,ACC-00180,funding_event,1,news_feed,2026-08-11 05:00:00
SIG-000187,ACC-00068,website_visit,7,web_analytics,2026-06-10 12:00:00
SIG-000188,ACC-00155,email_engagement,1,email_platform,2026-07-03 00:00:00
SIG-000189,ACC-00191,pricing_page_visit,1,web_analytics,2026-05-27 20:00:00
SIG-000190,ACC-00029,website_visit,7,web_analytics,2026-09-06 13:00:00
SIG-000191,ACC-00172,website_visit,2,web_analytics,2026-05-31 16:00:00
SIG-000192,ACC-00066,pricing_page_visit,1,web_analytics,2026-07-07 20:00:00
SIG-000193,ACC-00018,open_source_model_interest,1,job_boards,2026-09-17 12:00:00
SIG-000194,ACC-00136,website_visit,1,web_analytics,2026-09-10 07:00:00
SIG-000195,ACC-00004,open_source_model_interest,1,job_boards,2026-06-20 21:00:00
SIG-000196,ACC-00163,website_visit,1,web_analytics,2026-07-08 19:00:00
SIG-000197,ACC-00153,pricing_page_visit,1,web_analytics,2026-05-26 06:00:00
SIG-000198,ACC-00070,website_visit,2,web_analytics,2026-07-06 08:00:00
SIG-000199,ACC-00135,open_source_model_interest,1,job_boards,2026-05-19 11:00:00
SIG-000200,ACC-00121,demo_request,1,web_analytics,2026-07-15 16:00:00
SIG-000201,ACC-00066,demo_request,1,web_analytics,2026-06-21 02:00:00
SIG-000202,ACC-00183,product_usage_growth,1,product_telemetry,2026-06-08 21:00:00
SIG-000203,ACC-00091,website_visit,3,web_analytics,2026-06-21 12:00:00
SIG-000204,ACC-00072,website_visit,4,web_analytics,2026-07-20 19:00:00
SIG-000205,ACC-00089,website_visit,4,web_analytics,2026-08-11 15:00:00
SIG-000206,ACC-00006,demo_request,1,web_analytics,2026-09-09 03:00:00
SIG-000207,ACC-00098,email_engagement,1,email_platform,2026-05-12 10:00:00
SIG-000208,ACC-00198,email_engagement,1,email_platform,2026-09-11 02:00:00
SIG-000209,ACC-00181,funding_event,1,news_feed,2026-05-25 08:00:00
SIG-000210,ACC-00007,demo_request,1,web_analytics,2026-06-18 23:00:00
SIG-000211,ACC-00051,email_engagement,1,email_platform,2026-06-24 07:00:00
SIG-000212,ACC-00122,website_visit,6,web_analytics,2026-07-10 04:00:00
SIG-000213,ACC-00042,open_source_model_interest,1,job_boards,2026-07-21 01:00:00
SIG-000214,ACC-00108,website_visit,3,web_analytics,2026-08-05 05:00:00
SIG-000215,ACC-00165,email_engagement,1,email_platform,2026-07-17 01:00:00
SIG-000216,ACC-00016,pricing_page_visit,1,web_analytics,2026-07-16 03:00:00
SIG-000217,ACC-00028,pricing_page_visit,1,web_analytics,2026-06-19 01:00:00
SIG-000218,ACC-00069,pricing_page_visit,1,web_analytics,2026-07-31 00:00:00
SIG-000219,ACC-00170,email_engagement,1,email_platform,2026-05-12 03:00:00
SIG-000220,ACC-00118,product_usage_growth,49,product_telemetry,2026-08-13 13:00:00
SIG-000221,ACC-00090,pricing_page_visit,1,web_analytics,2026-08-09 08:00:00
SIG-000222,ACC-00098,demo_request,1,web_analytics,2026-05-29 07:00:00
SIG-000223,ACC-00137,open_source_model_interest,1,job_boards,2026-09-14 14:00:00
SIG-000224,ACC-00173,website_visit,2,web_analytics,2026-06-10 15:00:00
SIG-000225,ACC-00142,email_engagement,1,email_platform,2026-08-29 15:00:00
SIG-000226,ACC-00042,website_visit,7,web_analytics,2026-07-17 19:00:00
SIG-000227,ACC-00172,website_visit,3,web_analytics,2026-06-20 08:00:00
SIG-000228,ACC-00123,open_source_model_interest,1,job_boards,2026-08-05 00:00:00
SIG-000229,ACC-00165,job_posting_ml_engineer,3,clay,2026-05-19 01:00:00
SIG-000230,ACC-00006,pricing_page_visit,1,web_analytics,2026-08-11 09:00:00
SIG-000231,ACC-00143,product_usage_growth,26,product_telemetry,2026-05-22 01:00:00
SIG-000232,ACC-00142,open_source_model_interest,1,job_boards,2026-06-01 09:00:00
SIG-000233,ACC-00005,email_engagement,1,email_platform,2026-06-10 11:00:00
SIG-000234,ACC-00193,demo_request,1,web_analytics,2026-08-30 05:00:00
SIG-000235,ACC-00136,job_posting_ml_engineer,3,clay,2026-07-13 05:00:00
SIG-000236,ACC-00006,website_visit,5,web_analytics,2026-05-27 10:00:00
SIG-000237,ACC-00129,website_visit,1,web_analytics,2026-09-14 13:00:00
SIG-000238,ACC-00076,website_visit,8,web_analytics,2026-08-27 14:00:00
SIG-000239,ACC-00063,pricing_page_visit,1,web_analytics,2026-05-23 20:00:00
SIG-000240,ACC-00088,website_visit,3,web_analytics,2026-06-11 16:00:00
SIG-000241,ACC-00050,website_visit,5,web_analytics,2026-08-18 20:00:00
SIG-000242,ACC-00198,open_source_model_interest,1,job_boards,2026-05-24 19:00:00
SIG-000243,ACC-00137,demo_request,1,web_analytics,2026-07-02 08:00:00
SIG-000244,ACC-00193,website_visit,2,web_analytics,2026-07-05 12:00:00
SIG-000245,ACC-00005,product_usage_growth,20,product_telemetry,2026-05-31 08:00:00
SIG-000246,ACC-00089,email_engagement,1,email_platform,2026-09-09 00:00:00
SIG-000247,ACC-00125,job_posting_ml_engineer,3,clay,2026-07-18 13:00:00
SIG-000248,ACC-00179,email_engagement,1,email_platform,2026-08-10 20:00:00
SIG-000249,ACC-00031,website_visit,4,web_analytics,2026-05-29 19:00:00
SIG-000250,ACC-00191,pricing_page_visit,1,web_analytics,2026-05-17 20:00:00
SIG-000251,ACC-00092,email_engagement,1,email_platform,2026-06-22 08:00:00
SIG-000252,ACC-00074,product_usage_growth,57,product_telemetry,2026-08-11 04:00:00
SIG-000253,ACC-00089,email_engagement,1,email_platform,2026-06-13 19:00:00
SIG-000254,ACC-00004,email_engagement,1,email_platform,2026-09-02 21:00:00
SIG-000255,ACC-00103,website_visit,8,web_analytics,2026-06-29 05:00:00
SIG-000256,ACC-00032,website_visit,2,web_analytics,2026-08-05 17:00:00
SIG-000257,ACC-00142,website_visit,1,web_analytics,2026-07-16 17:00:00
SIG-000258,ACC-00166,job_posting_ml_engineer,2,clay,2026-08-30 04:00:00
SIG-000259,ACC-00019,pricing_page_visit,1,web_analytics,2026-07-13 02:00:00
SIG-000260,ACC-00006,product_usage_growth,56,product_telemetry,2026-08-26 15:00:00
SIG-000261,ACC-00140,pricing_page_visit,1,web_analytics,2026-06-04 19:00:00
SIG-000262,ACC-00172,email_engagement,1,email_platform,2026-08-08 13:00:00
SIG-000263,ACC-00133,pricing_page_visit,1,web_analytics,2026-07-01 01:00:00
SIG-000264,ACC-00087,product_usage_growth,31,product_telemetry,2026-07-20 00:00:00
SIG-000265,ACC-00100,job_posting_ml_engineer,3,clay,2026-05-28 06:00:00
SIG-000266,ACC-00005,open_source_model_interest,1,job_boards,2026-09-18 09:00:00
SIG-000267,ACC-00058,product_usage_growth,60,product_telemetry,2026-05-12 01:00:00
SIG-000268,ACC-00150,website_visit,1,web_analytics,2026-08-11 14:00:00
SIG-000269,ACC-00163,website_visit,5,web_analytics,2026-06-09 00:00:00
SIG-000270,ACC-00191,website_visit,6,web_analytics,2026-05-17 20:00:00
SIG-000271,ACC-00028,email_engagement,1,email_platform,2026-08-30 17:00:00
SIG-000272,ACC-00089,pricing_page_visit,1,web_analytics,2026-07-22 19:00:00
SIG-000273,ACC-00158,open_source_model_interest,1,job_boards,2026-09-09 08:00:00
SIG-000274,ACC-00042,pricing_page_visit,1,web_analytics,2026-06-11 04:00:00
SIG-000275,ACC-00151,email_engagement,1,email_platform,2026-06-11 14:00:00
SIG-000276,ACC-00006,email_engagement,1,email_platform,2026-08-29 06:00:00
SIG-000277,ACC-00182,website_visit,3,web_analytics,2026-05-18 06:00:00
SIG-000278,ACC-00054,email_engagement,1,email_platform,2026-07-13 05:00:00
SIG-000279,ACC-00163,website_visit,7,web_analytics,2026-06-22 12:00:00
SIG-000280,ACC-00166,demo_request,1,web_analytics,2026-05-28 23:00:00
SIG-000281,ACC-00005,open_source_model_interest,1,job_boards,2026-08-10 19:00:00
SIG-000282,ACC-00032,job_posting_ml_engineer,2,clay,2026-09-16 08:00:00
SIG-000283,ACC-00032,website_visit,8,web_analytics,2026-07-27 19:00:00
SIG-000284,ACC-00056,email_engagement,1,email_platform,2026-09-15 06:00:00
SIG-000285,ACC-00173,email_engagement,1,email_platform,2026-07-09 12:00:00
SIG-000286,ACC-00162,website_visit,8,web_analytics,2026-06-11 21:00:00
SIG-000287,ACC-00181,pricing_page_visit,1,web_analytics,2026-06-13 11:00:00
SIG-000288,ACC-00134,open_source_model_interest,1,job_boards,2026-08-28 13:00:00
SIG-000289,ACC-00130,email_engagement,1,email_platform,2026-07-03 08:00:00
SIG-000290,ACC-00194,website_visit,6,web_analytics,2026-07-04 11:00:00
SIG-000291,ACC-00132,website_visit,1,web_analytics,2026-09-12 01:00:00
SIG-000292,ACC-00061,website_visit,7,web_analytics,2026-06-14 02:00:00
SIG-000293,ACC-00160,product_usage_growth,20,product_telemetry,2026-08-11 05:00:00
SIG-000294,ACC-00158,pricing_page_visit,1,web_analytics,2026-07-30 14:00:00
SIG-000295,ACC-00191,product_usage_growth,8,product_telemetry,2026-08-10 08:00:00
SIG-000296,ACC-00155,open_source_model_interest,1,job_boards,2026-08-12 19:00:00
SIG-000297,ACC-00098,product_usage_growth,28,product_telemetry,2026-05-28 19:00:00
SIG-000298,ACC-00167,open_source_model_interest,1,job_boards,2026-08-23 14:00:00
SIG-000299,ACC-00198,open_source_model_interest,1,job_boards,2026-07-21 21:00:00
SIG-000300,ACC-00006,demo_request,1,web_analytics,2026-05-21 20:00:00
SIG-000301,ACC-00051,product_usage_growth,7,product_telemetry,2026-08-09 12:00:00
SIG-000302,ACC-00122,job_posting_ml_engineer,3,clay,2026-07-24 19:00:00
SIG-000303,ACC-00055,job_posting_ml_engineer,2,clay,2026-05-16 20:00:00
SIG-000304,ACC-00130,product_usage_growth,-5,product_telemetry,2026-06-13 19:00:00
SIG-000305,ACC-00166,open_source_model_interest,1,job_boards,2026-05-26 17:00:00
SIG-000306,ACC-00066,email_engagement,1,email_platform,2026-09-07 12:00:00
SIG-000307,ACC-00108,product_usage_growth,11,product_telemetry,2026-06-03 09:00:00
SIG-000308,ACC-00017,job_posting_ml_engineer,4,clay,2026-08-26 19:00:00
SIG-000309,ACC-00050,funding_event,1,news_feed,2026-06-29 04:00:00
SIG-000310,ACC-00130,email_engagement,1,email_platform,2026-07-17 08:00:00
SIG-000311,ACC-00186,funding_event,1,news_feed,2026-05-26 22:00:00
SIG-000312,ACC-00143,job_posting_ml_engineer,4,clay,2026-06-14 17:00:00
SIG-000313,ACC-00089,email_engagement,1,email_platform,2026-08-04 20:00:00
SIG-000314,ACC-00092,website_visit,8,web_analytics,2026-08-20 14:00:00
SIG-000315,ACC-00004,email_engagement,1,email_platform,2026-05-15 03:00:00
SIG-000316,ACC-00005,email_engagement,1,email_platform,2026-05-21 04:00:00
SIG-000317,ACC-00006,email_engagement,1,email_platform,2026-07-09 23:00:00
SIG-000318,ACC-00057,website_visit,3,web_analytics,2026-09-10 14:00:00
SIG-000319,ACC-00174,email_engagement,1,email_platform,2026-09-07 15:00:00
SIG-000320,ACC-00054,website_visit,5,web_analytics,2026-06-19 17:00:00
SIG-000321,ACC-00092,pricing_page_visit,1,web_analytics,2026-09-03 09:00:00
SIG-000322,ACC-00035,job_posting_ml_engineer,3,clay,2026-06-06 02:00:00
SIG-000323,ACC-00063,email_engagement,1,email_platform,2026-07-08 05:00:00
SIG-000324,ACC-00085,website_visit,6,web_analytics,2026-05-15 03:00:00
SIG-000325,ACC-00160,website_visit,5,web_analytics,2026-08-20 18:00:00
SIG-000326,ACC-00034,job_posting_ml_engineer,4,clay,2026-09-08 08:00:00
SIG-000327,ACC-00172,website_visit,4,web_analytics,2026-09-02 09:00:00
SIG-000328,ACC-00155,pricing_page_visit,1,web_analytics,2026-06-24 06:00:00
SIG-000329,ACC-00161,open_source_model_interest,1,job_boards,2026-06-24 21:00:00
SIG-000330,ACC-00125,funding_event,1,news_feed,2026-05-25 01:00:00
SIG-000331,ACC-00122,funding_event,1,news_feed,2026-07-05 00:00:00
SIG-000332,ACC-00084,email_engagement,1,email_platform,2026-06-21 16:00:00
SIG-000333,ACC-00075,product_usage_growth,58,product_telemetry,2026-08-08 00:00:00
SIG-000334,ACC-00051,email_engagement,1,email_platform,2026-07-12 05:00:00
SIG-000335,ACC-00066,pricing_page_visit,1,web_analytics,2026-07-04 13:00:00
SIG-000336,ACC-00005,funding_event,1,news_feed,2026-09-13 03:00:00
SIG-000337,ACC-00043,website_visit,8,web_analytics,2026-08-14 15:00:00
SIG-000338,ACC-00136,demo_request,1,web_analytics,2026-05-25 06:00:00
SIG-000339,ACC-00137,website_visit,5,web_analytics,2026-06-26 04:00:00
SIG-000340,ACC-00030,email_engagement,1,email_platform,2026-07-28 08:00:00
SIG-000341,ACC-00092,website_visit,6,web_analytics,2026-07-12 14:00:00
SIG-000342,ACC-00010,website_visit,2,web_analytics,2026-06-22 01:00:00
SIG-000343,ACC-00042,open_source_model_interest,1,job_boards,2026-09-01 09:00:00
SIG-000344,ACC-00090,email_engagement,1,email_platform,2026-05-21 21:00:00
SIG-000345,ACC-00108,website_visit,7,web_analytics,2026-05-27 23:00:00
SIG-000346,ACC-00098,product_usage_growth,6,product_telemetry,2026-08-26 20:00:00
SIG-000347,ACC-00120,website_visit,8,web_analytics,2026-07-24 14:00:00
SIG-000348,ACC-00161,website_visit,6,web_analytics,2026-06-27 08:00:00
SIG-000349,ACC-00011,website_visit,2,web_analytics,2026-05-24 13:00:00
SIG-000350,ACC-00100,email_engagement,1,email_platform,2026-08-23 08:00:00
SIG-000351,ACC-00022,funding_event,1,news_feed,2026-07-19 23:00:00
SIG-000352,ACC-00054,open_source_model_interest,1,job_boards,2026-07-27 20:00:00
SIG-000353,ACC-00115,email_engagement,1,email_platform,2026-08-30 19:00:00
SIG-000354,ACC-00150,product_usage_growth,31,product_telemetry,2026-08-26 04:00:00
SIG-000355,ACC-00108,website_visit,2,web_analytics,2026-05-15 22:00:00
SIG-000356,ACC-00027,website_visit,3,web_analytics,2026-08-12 04:00:00
SIG-000357,ACC-00103,email_engagement,1,email_platform,2026-06-30 09:00:00
SIG-000358,ACC-00177,website_visit,7,web_analytics,2026-09-16 23:00:00
SIG-000359,ACC-00107,product_usage_growth,37,product_telemetry,2026-09-06 18:00:00
SIG-000360,ACC-00095,website_visit,5,web_analytics,2026-05-31 20:00:00
SIG-000361,ACC-00164,website_visit,7,web_analytics,2026-05-31 01:00:00
SIG-000362,ACC-00054,email_engagement,1,email_platform,2026-06-05 14:00:00
SIG-000363,ACC-00181,website_visit,1,web_analytics,2026-08-13 19:00:00
SIG-000364,ACC-00172,pricing_page_visit,1,web_analytics,2026-06-05 04:00:00
SIG-000365,ACC-00182,email_engagement,1,email_platform,2026-05-12 05:00:00
SIG-000366,ACC-00119,pricing_page_visit,1,web_analytics,2026-09-18 00:00:00
SIG-000367,ACC-00191,website_visit,5,web_analytics,2026-06-18 17:00:00
SIG-000368,ACC-00149,email_engagement,1,email_platform,2026-08-30 14:00:00
SIG-000369,ACC-00138,open_source_model_interest,1,job_boards,2026-08-30 02:00:00
SIG-000370,ACC-00026,website_visit,2,web_analytics,2026-06-24 01:00:00
SIG-000371,ACC-00124,email_engagement,1,email_platform,2026-06-21 09:00:00
SIG-000372,ACC-00005,job_posting_ml_engineer,3,clay,2026-05-21 00:00:00
SIG-000373,ACC-00005,demo_request,1,web_analytics,2026-05-18 16:00:00
SIG-000374,ACC-00006,product_usage_growth,6,product_telemetry,2026-07-10 10:00:00
SIG-000375,ACC-00007,job_posting_ml_engineer,2,clay,2026-06-17 13:00:00
SIG-000376,ACC-00191,website_visit,3,web_analytics,2026-08-29 14:00:00
SIG-000377,ACC-00043,product_usage_growth,20,product_telemetry,2026-05-29 19:00:00
SIG-000378,ACC-00057,email_engagement,1,email_platform,2026-08-21 17:00:00
SIG-000379,ACC-00108,email_engagement,1,email_platform,2026-06-12 03:00:00
SIG-000380,ACC-00143,product_usage_growth,47,product_telemetry,2026-06-13 21:00:00
SIG-000381,ACC-00143,demo_request,1,web_analytics,2026-06-21 05:00:00
SIG-000382,ACC-00170,product_usage_growth,24,product_telemetry,2026-08-25 10:00:00
SIG-000383,ACC-00104,email_engagement,1,email_platform,2026-06-24 21:00:00
SIG-000384,ACC-00050,website_visit,1,web_analytics,2026-09-16 05:00:00
SIG-000385,ACC-00010,demo_request,1,web_analytics,2026-07-17 12:00:00
SIG-000386,ACC-00166,website_visit,4,web_analytics,2026-08-27 23:00:00
SIG-000387,ACC-00181,job_posting_ml_engineer,1,clay,2026-07-17 09:00:00
SIG-000388,ACC-00023,email_engagement,1,email_platform,2026-07-16 13:00:00
SIG-000389,ACC-00074,funding_event,1,news_feed,2026-09-04 10:00:00
SIG-000390,ACC-00071,website_visit,2,web_analytics,2026-06-11 13:00:00
SIG-000391,ACC-00031,website_visit,7,web_analytics,2026-05-28 20:00:00
SIG-000392,ACC-00005,website_visit,5,web_analytics,2026-05-15 14:00:00
SIG-000393,ACC-00004,open_source_model_interest,1,job_boards,2026-06-27 06:00:00
SIG-000394,ACC-00135,job_posting_ml_engineer,4,clay,2026-06-07 19:00:00
SIG-000395,ACC-00021,email_engagement,1,email_platform,2026-08-19 00:00:00
SIG-000396,ACC-00095,pricing_page_visit,1,web_analytics,2026-08-27 07:00:00
SIG-000397,ACC-00091,website_visit,8,web_analytics,2026-08-05 01:00:00
SIG-000398,ACC-00108,demo_request,1,web_analytics,2026-06-20 03:00:00
SIG-000399,ACC-00172,pricing_page_visit,1,web_analytics,2026-08-01 18:00:00
SIG-000400,ACC-00155,website_visit,7,web_analytics,2026-07-03 03:00:00
SIG-000401,ACC-00119,open_source_model_interest,1,job_boards,2026-09-05 08:00:00
SIG-000402,ACC-00014,pricing_page_visit,1,web_analytics,2026-08-11 19:00:00
SIG-000403,ACC-00022,website_visit,3,web_analytics,2026-05-21 23:00:00
SIG-000404,ACC-00191,demo_request,1,web_analytics,2026-07-03 15:00:00
SIG-000405,ACC-00047,product_usage_growth,4,product_telemetry,2026-05-14 23:00:00
SIG-000406,ACC-00060,website_visit,4,web_analytics,2026-06-09 08:00:00
SIG-000407,ACC-00181,email_engagement,1,email_platform,2026-09-08 00:00:00
SIG-000408,ACC-00006,website_visit,3,web_analytics,2026-06-17 01:00:00
SIG-000409,ACC-00066,open_source_model_interest,1,job_boards,2026-06-15 13:00:00
SIG-000410,ACC-00142,website_visit,1,web_analytics,2026-07-09 05:00:00
SIG-000411,ACC-00125,job_posting_ml_engineer,2,clay,2026-05-27 05:00:00
SIG-000412,ACC-00054,email_engagement,1,email_platform,2026-08-27 22:00:00
SIG-000413,ACC-00081,pricing_page_visit,1,web_analytics,2026-08-20 02:00:00
SIG-000414,ACC-00162,pricing_page_visit,1,web_analytics,2026-07-11 17:00:00
SIG-000415,ACC-00042,demo_request,1,web_analytics,2026-08-09 21:00:00
SIG-000416,ACC-00017,email_engagement,1,email_platform,2026-07-17 08:00:00
SIG-000417,ACC-00198,email_engagement,1,email_platform,2026-08-05 13:00:00
SIG-000418,ACC-00128,email_engagement,1,email_platform,2026-06-28 05:00:00
SIG-000419,ACC-00181,product_usage_growth,31,product_telemetry,2026-07-23 15:00:00
SIG-000420,ACC-00122,product_usage_growth,-1,product_telemetry,2026-05-22 00:00:00
SIG-000421,ACC-00115,website_visit,8,web_analytics,2026-06-16 14:00:00
SIG-000422,ACC-00053,email_engagement,1,email_platform,2026-08-18 17:00:00
SIG-000423,ACC-00019,website_visit,2,web_analytics,2026-06-04 13:00:00
SIG-000424,ACC-00060,product_usage_growth,60,product_telemetry,2026-07-23 16:00:00
SIG-000425,ACC-00143,email_engagement,1,email_platform,2026-07-10 18:00:00
SIG-000426,ACC-00192,product_usage_growth,45,product_telemetry,2026-07-25 00:00:00
SIG-000427,ACC-00150,product_usage_growth,-5,product_telemetry,2026-05-21 19:00:00
SIG-000428,ACC-00012,pricing_page_visit,1,web_analytics,2026-05-27 03:00:00
SIG-000429,ACC-00155,job_posting_ml_engineer,2,clay,2026-06-20 09:00:00
SIG-000430,ACC-00006,website_visit,5,web_analytics,2026-09-13 04:00:00
SIG-000431,ACC-00039,product_usage_growth,37,product_telemetry,2026-05-23 20:00:00
SIG-000432,ACC-00164,website_visit,6,web_analytics,2026-06-02 10:00:00
SIG-000433,ACC-00160,email_engagement,1,email_platform,2026-09-05 02:00:00
SIG-000434,ACC-00176,pricing_page_visit,1,web_analytics,2026-06-18 04:00:00
SIG-000435,ACC-00097,pricing_page_visit,1,web_analytics,2026-06-26 11:00:00
SIG-000436,ACC-00170,email_engagement,1,email_platform,2026-06-21 10:00:00
SIG-000437,ACC-00112,website_visit,2,web_analytics,2026-05-27 03:00:00
SIG-000438,ACC-00035,email_engagement,1,email_platform,2026-09-03 12:00:00
SIG-000439,ACC-00121,website_visit,7,web_analytics,2026-08-31 15:00:00
SIG-000440,ACC-00010,job_posting_ml_engineer,2,clay,2026-09-14 09:00:00
SIG-000441,ACC-00181,email_engagement,1,email_platform,2026-06-04 04:00:00
SIG-000442,ACC-00009,website_visit,2,web_analytics,2026-06-26 05:00:00
SIG-000443,ACC-00171,demo_request,1,web_analytics,2026-05-29 04:00:00
SIG-000444,ACC-00042,product_usage_growth,23,product_telemetry,2026-07-23 03:00:00
SIG-000445,ACC-00092,job_posting_ml_engineer,2,clay,2026-07-09 04:00:00
SIG-000446,ACC-00162,open_source_model_interest,1,job_boards,2026-08-11 13:00:00
SIG-000447,ACC-00005,open_source_model_interest,1,job_boards,2026-06-17 13:00:00
SIG-000448,ACC-00191,website_visit,6,web_analytics,2026-06-16 04:00:00
SIG-000449,ACC-00045,email_engagement,1,email_platform,2026-05-15 14:00:00
SIG-000450,ACC-00085,website_visit,6,web_analytics,2026-07-07 00:00:00
SIG-000451,ACC-00148,job_posting_ml_engineer,3,clay,2026-05-20 17:00:00
SIG-000452,ACC-00155,website_visit,1,web_analytics,2026-05-28 07:00:00
SIG-000453,ACC-00005,email_engagement,1,email_platform,2026-07-31 18:00:00
SIG-000454,ACC-00130,demo_request,1,web_analytics,2026-05-17 08:00:00
SIG-000455,ACC-00134,open_source_model_interest,1,job_boards,2026-06-02 07:00:00
SIG-000456,ACC-00004,website_visit,6,web_analytics,2026-08-28 12:00:00
SIG-000457,ACC-00117,job_posting_ml_engineer,4,clay,2026-08-08 19:00:00
SIG-000458,ACC-00112,job_posting_ml_engineer,2,clay,2026-08-14 12:00:00
SIG-000459,ACC-00143,open_source_model_interest,1,job_boards,2026-09-18 05:00:00
SIG-000460,ACC-00073,pricing_page_visit,1,web_analytics,2026-08-03 06:00:00
SIG-000461,ACC-00142,website_visit,5,web_analytics,2026-05-24 11:00:00
SIG-000462,ACC-00004,website_visit,5,web_analytics,2026-07-08 05:00:00
SIG-000463,ACC-00191,email_engagement,1,email_platform,2026-05-16 16:00:00
SIG-000464,ACC-00096,email_engagement,1,email_platform,2026-08-20 07:00:00
SIG-000465,ACC-00151,website_visit,5,web_analytics,2026-08-13 08:00:00
SIG-000466,ACC-00181,website_visit,3,web_analytics,2026-06-19 05:00:00
SIG-000467,ACC-00095,website_visit,5,web_analytics,2026-07-31 22:00:00
SIG-000468,ACC-00010,email_engagement,1,email_platform,2026-07-04 10:00:00
SIG-000469,ACC-00180,pricing_page_visit,1,web_analytics,2026-08-15 02:00:00
SIG-000470,ACC-00198,email_engagement,1,email_platform,2026-07-26 14:00:00
SIG-000471,ACC-00052,funding_event,1,news_feed,2026-08-31 15:00:00
SIG-000472,ACC-00008,email_engagement,1,email_platform,2026-05-28 23:00:00
SIG-000473,ACC-00091,website_visit,5,web_analytics,2026-07-25 14:00:00
SIG-000474,ACC-00040,demo_request,1,web_analytics,2026-08-17 16:00:00
SIG-000475,ACC-00198,funding_event,1,news_feed,2026-06-01 17:00:00
SIG-000476,ACC-00005,funding_event,1,news_feed,2026-07-17 17:00:00
SIG-000477,ACC-00181,website_visit,2,web_analytics,2026-07-30 13:00:00
SIG-000478,ACC-00011,website_visit,5,web_analytics,2026-08-09 02:00:00
SIG-000479,ACC-00160,website_visit,2,web_analytics,2026-07-25 20:00:00
SIG-000480,ACC-00092,website_visit,1,web_analytics,2026-05-12 20:00:00
SIG-000481,ACC-00182,email_engagement,1,email_platform,2026-06-21 06:00:00
SIG-000482,ACC-00143,website_visit,2,web_analytics,2026-05-23 15:00:00
SIG-000483,ACC-00130,job_posting_ml_engineer,1,clay,2026-06-28 03:00:00
SIG-000484,ACC-00092,email_engagement,1,email_platform,2026-06-07 09:00:00
SIG-000485,ACC-00113,website_visit,2,web_analytics,2026-08-05 18:00:00
SIG-000486,ACC-00129,demo_request,1,web_analytics,2026-08-29 15:00:00
SIG-000487,ACC-00108,job_posting_ml_engineer,2,clay,2026-06-18 12:00:00
SIG-000488,ACC-00166,product_usage_growth,19,product_telemetry,2026-06-02 19:00:00
SIG-000489,ACC-00199,job_posting_ml_engineer,4,clay,2026-05-20 21:00:00
SIG-000490,ACC-00107,open_source_model_interest,1,job_boards,2026-08-23 15:00:00
SIG-000491,ACC-00142,website_visit,3,web_analytics,2026-09-06 16:00:00
SIG-000492,ACC-00010,open_source_model_interest,1,job_boards,2026-07-03 23:00:00
SIG-000493,ACC-00198,website_visit,8,web_analytics,2026-07-05 21:00:00
SIG-000494,ACC-00133,website_visit,6,web_analytics,2026-06-01 15:00:00
SIG-000495,ACC-00098,product_usage_growth,-6,product_telemetry,2026-09-11 13:00:00
SIG-000496,ACC-00081,product_usage_growth,45,product_telemetry,2026-08-16 09:00:00
SIG-000497,ACC-00128,job_posting_ml_engineer,4,clay,2026-08-10 02:00:00
SIG-000498,ACC-00089,email_engagement,1,email_platform,2026-06-29 17:00:00
SIG-000499,ACC-00005,website_visit,6,web_analytics,2026-06-24 06:00:00
SIG-000500,ACC-00100,open_source_model_interest,1,job_boards,2026-07-19 11:00:00
SIG-000501,ACC-00092,email_engagement,1,email_platform,2026-06-25 13:00:00
SIG-000502,ACC-00098,website_visit,7,web_analytics,2026-09-13 20:00:00
SIG-000503,ACC-00009,open_source_model_interest,1,job_boards,2026-08-25 03:00:00
SIG-000504,ACC-00181,website_visit,8,web_analytics,2026-07-05 07:00:00
SIG-000505,ACC-00055,email_engagement,1,email_platform,2026-07-14 17:00:00
SIG-000506,ACC-00163,pricing_page_visit,1,web_analytics,2026-06-25 10:00:00
SIG-000507,ACC-00143,email_engagement,1,email_platform,2026-07-04 02:00:00
SIG-000508,ACC-00114,demo_request,1,web_analytics,2026-06-09 10:00:00
SIG-000509,ACC-00120,demo_request,1,web_analytics,2026-08-03 00:00:00
SIG-000510,ACC-00173,open_source_model_interest,1,job_boards,2026-05-31 00:00:00
SIG-000511,ACC-00019,email_engagement,1,email_platform,2026-07-20 14:00:00
SIG-000512,ACC-00199,website_visit,7,web_analytics,2026-09-02 22:00:00
SIG-000513,ACC-00122,website_visit,5,web_analytics,2026-07-21 06:00:00
SIG-000514,ACC-00042,website_visit,4,web_analytics,2026-05-18 01:00:00
SIG-000515,ACC-00112,demo_request,1,web_analytics,2026-07-12 14:00:00
SIG-000516,ACC-00089,demo_request,1,web_analytics,2026-09-14 17:00:00
SIG-000517,ACC-00025,website_visit,5,web_analytics,2026-06-17 21:00:00
SIG-000518,ACC-00027,pricing_page_visit,1,web_analytics,2026-05-14 15:00:00
SIG-000519,ACC-00152,open_source_model_interest,1,job_boards,2026-07-20 23:00:00
SIG-000520,ACC-00098,pricing_page_visit,1,web_analytics,2026-07-26 14:00:00
SIG-000521,ACC-00063,open_source_model_interest,1,job_boards,2026-09-05 03:00:00
SIG-000522,ACC-00183,open_source_model_interest,1,job_boards,2026-07-18 10:00:00
SIG-000523,ACC-00041,pricing_page_visit,1,web_analytics,2026-09-10 19:00:00
SIG-000524,ACC-00017,job_posting_ml_engineer,3,clay,2026-06-13 09:00:00
SIG-000525,ACC-00183,pricing_page_visit,1,web_analytics,2026-06-12 18:00:00
SIG-000526,ACC-00104,open_source_model_interest,1,job_boards,2026-07-21 09:00:00
SIG-000527,ACC-00054,open_source_model_interest,1,job_boards,2026-07-11 16:00:00
SIG-000528,ACC-00129,email_engagement,1,email_platform,2026-08-25 13:00:00
SIG-000529,ACC-00133,website_visit,7,web_analytics,2026-09-12 17:00:00
SIG-000530,ACC-00051,email_engagement,1,email_platform,2026-07-29 22:00:00
SIG-000531,ACC-00163,website_visit,3,web_analytics,2026-08-16 23:00:00
SIG-000532,ACC-00085,pricing_page_visit,1,web_analytics,2026-06-28 09:00:00
SIG-000533,ACC-00122,pricing_page_visit,1,web_analytics,2026-09-14 18:00:00
SIG-000534,ACC-00169,email_engagement,1,email_platform,2026-07-31 10:00:00
SIG-000535,ACC-00047,website_visit,7,web_analytics,2026-08-28 07:00:00
SIG-000536,ACC-00163,website_visit,7,web_analytics,2026-08-20 11:00:00
SIG-000537,ACC-00052,open_source_model_interest,1,job_boards,2026-06-14 14:00:00
SIG-000538,ACC-00063,email_engagement,1,email_platform,2026-08-04 05:00:00
SIG-000539,ACC-00011,website_visit,5,web_analytics,2026-07-18 07:00:00
SIG-000540,ACC-00169,email_engagement,1,email_platform,2026-06-28 20:00:00
SIG-000541,ACC-00063,job_posting_ml_engineer,3,clay,2026-08-26 01:00:00
SIG-000542,ACC-00098,open_source_model_interest,1,job_boards,2026-09-18 10:00:00
SIG-000543,ACC-00101,website_visit,7,web_analytics,2026-09-09 00:00:00
SIG-000544,ACC-00054,email_engagement,1,email_platform,2026-08-28 08:00:00
SIG-000545,ACC-00114,website_visit,2,web_analytics,2026-08-18 03:00:00
SIG-000546,ACC-00075,job_posting_ml_engineer,3,clay,2026-07-14 02:00:00
SIG-000547,ACC-00054,website_visit,8,web_analytics,2026-09-06 12:00:00
SIG-000548,ACC-00066,website_visit,8,web_analytics,2026-05-23 05:00:00
SIG-000549,ACC-00142,website_visit,6,web_analytics,2026-05-16 15:00:00
SIG-000550,ACC-00041,website_visit,2,web_analytics,2026-08-04 13:00:00
SIG-000551,ACC-00073,email_engagement,1,email_platform,2026-08-04 05:00:00
SIG-000552,ACC-00067,job_posting_ml_engineer,3,clay,2026-07-08 21:00:00
SIG-000553,ACC-00035,pricing_page_visit,1,web_analytics,2026-09-12 16:00:00
SIG-000554,ACC-00185,demo_request,1,web_analytics,2026-06-27 17:00:00
SIG-000555,ACC-00119,pricing_page_visit,1,web_analytics,2026-07-09 08:00:00
SIG-000556,ACC-00194,website_visit,7,web_analytics,2026-07-16 13:00:00
SIG-000557,ACC-00198,product_usage_growth,16,product_telemetry,2026-08-09 06:00:00
SIG-000558,ACC-00076,demo_request,1,web_analytics,2026-05-17 05:00:00
SIG-000559,ACC-00083,product_usage_growth,2,product_telemetry,2026-06-17 02:00:00
SIG-000560,ACC-00130,product_usage_growth,44,product_telemetry,2026-08-27 05:00:00
SIG-000561,ACC-00161,website_visit,7,web_analytics,2026-06-24 04:00:00
SIG-000562,ACC-00169,demo_request,1,web_analytics,2026-08-29 09:00:00
SIG-000563,ACC-00024,product_usage_growth,9,product_telemetry,2026-08-17 21:00:00
SIG-000564,ACC-00067,email_engagement,1,email_platform,2026-08-31 17:00:00
SIG-000565,ACC-00134,pricing_page_visit,1,web_analytics,2026-06-21 10:00:00
SIG-000566,ACC-00200,email_engagement,1,email_platform,2026-08-04 06:00:00
SIG-000567,ACC-00122,product_usage_growth,48,product_telemetry,2026-05-26 23:00:00
SIG-000568,ACC-00091,open_source_model_interest,1,job_boards,2026-08-29 19:00:00
SIG-000569,ACC-00070,product_usage_growth,58,product_telemetry,2026-09-15 18:00:00
SIG-000570,ACC-00004,website_visit,8,web_analytics,2026-05-18 09:00:00
SIG-000571,ACC-00161,pricing_page_visit,1,web_analytics,2026-08-18 14:00:00
SIG-000572,ACC-00010,product_usage_growth,16,product_telemetry,2026-05-18 22:00:00
SIG-000573,ACC-00066,pricing_page_visit,1,web_analytics,2026-05-24 14:00:00
SIG-000574,ACC-00009,website_visit,3,web_analytics,2026-05-22 18:00:00
SIG-000575,ACC-00153,website_visit,5,web_analytics,2026-06-26 18:00:00
SIG-000576,ACC-00191,pricing_page_visit,1,web_analytics,2026-07-07 17:00:00
SIG-000577,ACC-00128,email_engagement,1,email_platform,2026-09-15 05:00:00
SIG-000578,ACC-00145,website_visit,7,web_analytics,2026-05-15 23:00:00
SIG-000579,ACC-00092,pricing_page_visit,1,web_analytics,2026-07-07 19:00:00
SIG-000580,ACC-00100,pricing_page_visit,1,web_analytics,2026-08-17 09:00:00
SIG-000581,ACC-00103,open_source_model_interest,1,job_boards,2026-07-28 09:00:00
SIG-000582,ACC-00026,demo_request,1,web_analytics,2026-08-09 23:00:00
SIG-000583,ACC-00110,open_source_model_interest,1,job_boards,2026-07-28 01:00:00
SIG-000584,ACC-00004,pricing_page_visit,1,web_analytics,2026-08-06 02:00:00
SIG-000585,ACC-00006,pricing_page_visit,1,web_analytics,2026-07-24 03:00:00
SIG-000586,ACC-00098,funding_event,1,news_feed,2026-08-23 20:00:00
SIG-000587,ACC-00130,funding_event,1,news_feed,2026-09-09 02:00:00
SIG-000588,ACC-00172,website_visit,4,web_analytics,2026-07-06 20:00:00
SIG-000589,ACC-00143,email_engagement,1,email_platform,2026-06-26 14:00:00
SIG-000590,ACC-00063,pricing_page_visit,1,web_analytics,2026-05-21 08:00:00
SIG-000591,ACC-00054,website_visit,6,web_analytics,2026-07-19 14:00:00
SIG-000592,ACC-00139,pricing_page_visit,1,web_analytics,2026-06-06 05:00:00
SIG-000593,ACC-00136,funding_event,1,news_feed,2026-08-13 18:00:00
SIG-000594,ACC-00136,open_source_model_interest,1,job_boards,2026-06-09 13:00:00
SIG-000595,ACC-00108,job_posting_ml_engineer,1,clay,2026-07-06 05:00:00
SIG-000596,ACC-00181,job_posting_ml_engineer,3,clay,2026-09-17 10:00:00
SIG-000597,ACC-00160,open_source_model_interest,1,job_boards,2026-05-28 20:00:00
SIG-000598,ACC-00172,pricing_page_visit,1,web_analytics,2026-09-10 01:00:00
SIG-000599,ACC-00193,job_posting_ml_engineer,3,clay,2026-08-27 02:00:00
SIG-000600,ACC-00137,pricing_page_visit,1,web_analytics,2026-07-15 11:00:00
SIG-000601,ACC-00081,job_posting_ml_engineer,1,clay,2026-07-14 22:00:00
SIG-000602,ACC-00035,website_visit,2,web_analytics,2026-09-18 04:00:00
SIG-000603,ACC-00066,funding_event,1,news_feed,2026-07-08 21:00:00
SIG-000604,ACC-00187,email_engagement,1,email_platform,2026-07-18 15:00:00
SIG-000605,ACC-00163,website_visit,6,web_analytics,2026-08-12 20:00:00
SIG-000606,ACC-00122,website_visit,1,web_analytics,2026-05-21 12:00:00
SIG-000607,ACC-00100,demo_request,1,web_analytics,2026-05-14 22:00:00
SIG-000608,ACC-00130,job_posting_ml_engineer,4,clay,2026-08-14 02:00:00
SIG-000609,ACC-00191,email_engagement,1,email_platform,2026-05-21 17:00:00
SIG-000610,ACC-00147,pricing_page_visit,1,web_analytics,2026-08-20 07:00:00
SIG-000611,ACC-00014,email_engagement,1,email_platform,2026-06-16 09:00:00
SIG-000612,ACC-00004,funding_event,1,news_feed,2026-07-03 09:00:00
SIG-000613,ACC-00193,email_engagement,1,email_platform,2026-09-08 05:00:00
SIG-000614,ACC-00083,email_engagement,1,email_platform,2026-08-17 14:00:00
SIG-000615,ACC-00121,job_posting_ml_engineer,2,clay,2026-08-27 23:00:00
SIG-000616,ACC-00108,pricing_page_visit,1,web_analytics,2026-09-07 21:00:00
SIG-000617,ACC-00192,website_visit,2,web_analytics,2026-07-02 01:00:00
SIG-000618,ACC-00168,email_engagement,1,email_platform,2026-08-02 03:00:00
SIG-000619,ACC-00008,website_visit,3,web_analytics,2026-07-29 11:00:00
SIG-000620,ACC-00152,pricing_page_visit,1,web_analytics,2026-05-17 18:00:00
SIG-000621,ACC-00054,pricing_page_visit,1,web_analytics,2026-08-27 15:00:00
SIG-000622,ACC-00142,website_visit,3,web_analytics,2026-08-28 14:00:00
SIG-000623,ACC-00122,demo_request,1,web_analytics,2026-09-12 20:00:00
SIG-000624,ACC-00108,website_visit,3,web_analytics,2026-07-15 06:00:00
SIG-000625,ACC-00034,website_visit,4,web_analytics,2026-05-12 02:00:00
SIG-000626,ACC-00010,website_visit,6,web_analytics,2026-06-07 16:00:00
SIG-000627,ACC-00108,email_engagement,1,email_platform,2026-08-25 11:00:00
SIG-000628,ACC-00170,funding_event,1,news_feed,2026-08-28 22:00:00
SIG-000629,ACC-00040,pricing_page_visit,1,web_analytics,2026-06-03 01:00:00
SIG-000630,ACC-00004,product_usage_growth,-10,product_telemetry,2026-09-04 03:00:00
SIG-000631,ACC-00089,product_usage_growth,17,product_telemetry,2026-05-12 09:00:00
SIG-000632,ACC-00193,email_engagement,1,email_platform,2026-06-09 20:00:00
SIG-000633,ACC-00042,job_posting_ml_engineer,4,clay,2026-05-13 08:00:00
SIG-000634,ACC-00091,email_engagement,1,email_platform,2026-06-29 08:00:00
SIG-000635,ACC-00166,pricing_page_visit,1,web_analytics,2026-09-18 18:00:00
SIG-000636,ACC-00109,email_engagement,1,email_platform,2026-08-29 22:00:00
SIG-000637,ACC-00141,website_visit,8,web_analytics,2026-06-14 23:00:00
SIG-000638,ACC-00054,product_usage_growth,49,product_telemetry,2026-06-17 12:00:00
SIG-000639,ACC-00066,job_posting_ml_engineer,3,clay,2026-08-26 23:00:00
SIG-000640,ACC-00187,website_visit,8,web_analytics,2026-07-10 03:00:00
SIG-000641,ACC-00184,email_engagement,1,email_platform,2026-08-22 10:00:00
SIG-000642,ACC-00130,website_visit,4,web_analytics,2026-08-17 19:00:00
SIG-000643,ACC-00089,open_source_model_interest,1,job_boards,2026-09-13 20:00:00
SIG-000644,ACC-00161,website_visit,8,web_analytics,2026-09-06 08:00:00
SIG-000645,ACC-00122,website_visit,8,web_analytics,2026-09-07 19:00:00
SIG-000646,ACC-00089,open_source_model_interest,1,job_boards,2026-06-11 12:00:00
SIG-000647,ACC-00163,product_usage_growth,-1,product_telemetry,2026-07-18 12:00:00
SIG-000648,ACC-00092,website_visit,2,web_analytics,2026-06-01 18:00:00
SIG-000649,ACC-00164,open_source_model_interest,1,job_boards,2026-05-21 11:00:00
SIG-000650,ACC-00017,product_usage_growth,46,product_telemetry,2026-08-25 22:00:00
SIG-000651,ACC-00010,website_visit,1,web_analytics,2026-06-30 20:00:00
SIG-000652,ACC-00042,website_visit,8,web_analytics,2026-06-01 16:00:00
SIG-000653,ACC-00005,email_engagement,1,email_platform,2026-08-25 23:00:00
SIG-000654,ACC-00063,product_usage_growth,39,product_telemetry,2026-05-24 05:00:00
SIG-000655,ACC-00162,website_visit,1,web_analytics,2026-06-27 00:00:00
SIG-000656,ACC-00010,website_visit,2,web_analytics,2026-05-12 10:00:00
SIG-000657,ACC-00142,job_posting_ml_engineer,2,clay,2026-08-15 17:00:00
SIG-000658,ACC-00092,email_engagement,1,email_platform,2026-08-13 14:00:00
SIG-000659,ACC-00158,pricing_page_visit,1,web_analytics,2026-08-13 17:00:00
SIG-000660,ACC-00155,product_usage_growth,15,product_telemetry,2026-07-29 22:00:00
SIG-000661,ACC-00021,pricing_page_visit,1,web_analytics,2026-06-25 23:00:00
SIG-000662,ACC-00098,website_visit,8,web_analytics,2026-07-25 18:00:00
SIG-000663,ACC-00181,website_visit,4,web_analytics,2026-06-26 19:00:00
SIG-000664,ACC-00108,website_visit,1,web_analytics,2026-09-01 07:00:00
SIG-000665,ACC-00010,website_visit,8,web_analytics,2026-09-08 18:00:00
SIG-000666,ACC-00092,website_visit,5,web_analytics,2026-07-19 13:00:00
SIG-000667,ACC-00054,product_usage_growth,7,product_telemetry,2026-06-13 22:00:00
SIG-000668,ACC-00032,pricing_page_visit,1,web_analytics,2026-07-20 07:00:00
SIG-000669,ACC-00173,website_visit,7,web_analytics,2026-08-14 14:00:00
SIG-000670,ACC-00053,email_engagement,1,email_platform,2026-07-19 17:00:00
SIG-000671,ACC-00154,website_visit,5,web_analytics,2026-07-18 17:00:00
SIG-000672,ACC-00075,product_usage_growth,0,product_telemetry,2026-05-21 21:00:00
SIG-000673,ACC-00046,email_engagement,1,email_platform,2026-05-24 13:00:00
SIG-000674,ACC-00100,email_engagement,1,email_platform,2026-07-13 00:00:00
SIG-000675,ACC-00163,demo_request,1,web_analytics,2026-05-27 11:00:00
SIG-000676,ACC-00092,pricing_page_visit,1,web_analytics,2026-07-16 01:00:00
SIG-000677,ACC-00198,website_visit,8,web_analytics,2026-09-09 04:00:00
SIG-000678,ACC-00090,pricing_page_visit,1,web_analytics,2026-06-17 03:00:00
SIG-000679,ACC-00108,website_visit,8,web_analytics,2026-08-31 07:00:00
SIG-000680,ACC-00079,product_usage_growth,19,product_telemetry,2026-08-25 15:00:00
SIG-000681,ACC-00005,email_engagement,1,email_platform,2026-07-17 09:00:00
SIG-000682,ACC-00200,demo_request,1,web_analytics,2026-07-15 18:00:00
SIG-000683,ACC-00076,product_usage_growth,-9,product_telemetry,2026-05-21 22:00:00
SIG-000684,ACC-00198,open_source_model_interest,1,job_boards,2026-07-28 03:00:00
SIG-000685,ACC-00163,funding_event,1,news_feed,2026-08-29 08:00:00
SIG-000686,ACC-00113,job_posting_ml_engineer,2,clay,2026-05-27 01:00:00
SIG-000687,ACC-00042,email_engagement,1,email_platform,2026-05-14 21:00:00
SIG-000688,ACC-00090,website_visit,7,web_analytics,2026-07-05 08:00:00
SIG-000689,ACC-00149,funding_event,1,news_feed,2026-06-11 06:00:00
SIG-000690,ACC-00108,website_visit,7,web_analytics,2026-08-23 08:00:00
SIG-000691,ACC-00119,email_engagement,1,email_platform,2026-08-23 21:00:00
SIG-000692,ACC-00012,product_usage_growth,13,product_telemetry,2026-07-31 16:00:00
SIG-000693,ACC-00102,website_visit,4,web_analytics,2026-09-02 04:00:00
SIG-000694,ACC-00143,website_visit,6,web_analytics,2026-08-10 15:00:00
SIG-000695,ACC-00122,email_engagement,1,email_platform,2026-08-17 12:00:00
SIG-000696,ACC-00191,demo_request,1,web_analytics,2026-05-13 20:00:00
SIG-000697,ACC-00074,website_visit,3,web_analytics,2026-06-08 23:00:00
SIG-000698,ACC-00138,pricing_page_visit,1,web_analytics,2026-09-08 19:00:00
SIG-000699,ACC-00172,product_usage_growth,28,product_telemetry,2026-06-10 23:00:00
SIG-000700,ACC-00048,pricing_page_visit,1,web_analytics,2026-06-12 21:00:00
SIG-000701,ACC-00163,website_visit,1,web_analytics,2026-07-10 22:00:00
SIG-000702,ACC-00174,open_source_model_interest,1,job_boards,2026-08-19 07:00:00
SIG-000703,ACC-00010,email_engagement,1,email_platform,2026-08-08 10:00:00
SIG-000704,ACC-00005,email_engagement,1,email_platform,2026-06-23 19:00:00
SIG-000705,ACC-00063,pricing_page_visit,1,web_analytics,2026-08-16 08:00:00
SIG-000706,ACC-00122,email_engagement,1,email_platform,2026-07-18 20:00:00
SIG-000707,ACC-00039,email_engagement,1,email_platform,2026-09-14 23:00:00
SIG-000708,ACC-00092,website_visit,7,web_analytics,2026-09-16 21:00:00
SIG-000709,ACC-00130,pricing_page_visit,1,web_analytics,2026-07-26 04:00:00
SIG-000710,ACC-00166,product_usage_growth,29,product_telemetry,2026-05-29 17:00:00
SIG-000711,ACC-00016,job_posting_ml_engineer,2,clay,2026-07-20 12:00:00
SIG-000712,ACC-00122,website_visit,1,web_analytics,2026-09-03 11:00:00
SIG-000713,ACC-00028,funding_event,1,news_feed,2026-06-05 02:00:00
SIG-000714,ACC-00098,pricing_page_visit,1,web_analytics,2026-06-10 05:00:00
SIG-000715,ACC-00063,website_visit,6,web_analytics,2026-06-08 22:00:00
SIG-000716,ACC-00108,website_visit,4,web_analytics,2026-06-17 17:00:00
SIG-000717,ACC-00063,pricing_page_visit,1,web_analytics,2026-08-07 10:00:00
SIG-000718,ACC-00157,pricing_page_visit,1,web_analytics,2026-08-05 22:00:00
SIG-000719,ACC-00180,website_visit,8,web_analytics,2026-09-14 23:00:00
SIG-000720,ACC-00118,pricing_page_visit,1,web_analytics,2026-09-13 23:00:00
SIG-000721,ACC-00035,website_visit,7,web_analytics,2026-09-04 14:00:00
SIG-000722,ACC-00092,website_visit,7,web_analytics,2026-07-20 19:00:00
SIG-000723,ACC-00117,job_posting_ml_engineer,2,clay,2026-06-29 22:00:00
SIG-000724,ACC-00014,email_engagement,1,email_platform,2026-07-22 19:00:00
SIG-000725,ACC-00066,website_visit,1,web_analytics,2026-06-14 02:00:00
SIG-000726,ACC-00130,email_engagement,1,email_platform,2026-08-01 17:00:00
SIG-000727,ACC-00040,open_source_model_interest,1,job_boards,2026-07-29 11:00:00
SIG-000728,ACC-00113,job_posting_ml_engineer,2,clay,2026-07-19 05:00:00
SIG-000729,ACC-00066,website_visit,8,web_analytics,2026-05-19 16:00:00
SIG-000730,ACC-00096,pricing_page_visit,1,web_analytics,2026-06-03 02:00:00
SIG-000731,ACC-00114,job_posting_ml_engineer,1,clay,2026-06-02 16:00:00
SIG-000732,ACC-00080,email_engagement,1,email_platform,2026-06-14 04:00:00
SIG-000733,ACC-00092,pricing_page_visit,1,web_analytics,2026-08-15 20:00:00
SIG-000734,ACC-00043,open_source_model_interest,1,job_boards,2026-06-16 03:00:00
SIG-000735,ACC-00122,open_source_model_interest,1,job_boards,2026-07-02 22:00:00
SIG-000736,ACC-00022,pricing_page_visit,1,web_analytics,2026-08-09 12:00:00
SIG-000737,ACC-00069,job_posting_ml_engineer,4,clay,2026-09-04 22:00:00
SIG-000738,ACC-00122,job_posting_ml_engineer,4,clay,2026-06-18 22:00:00
SIG-000739,ACC-00011,job_posting_ml_engineer,3,clay,2026-08-13 10:00:00
SIG-000740,ACC-00163,open_source_model_interest,1,job_boards,2026-08-26 22:00:00
SIG-000741,ACC-00102,pricing_page_visit,1,web_analytics,2026-08-08 05:00:00
SIG-000742,ACC-00092,email_engagement,1,email_platform,2026-08-28 15:00:00
SIG-000743,ACC-00092,product_usage_growth,40,product_telemetry,2026-07-03 18:00:00
SIG-000744,ACC-00129,website_visit,2,web_analytics,2026-06-04 22:00:00
SIG-000745,ACC-00122,website_visit,6,web_analytics,2026-07-31 03:00:00
SIG-000746,ACC-00010,pricing_page_visit,1,web_analytics,2026-09-03 19:00:00
SIG-000747,ACC-00198,website_visit,7,web_analytics,2026-08-08 16:00:00
SIG-000748,ACC-00108,website_visit,2,web_analytics,2026-07-21 03:00:00
SIG-000749,ACC-00198,website_visit,1,web_analytics,2026-09-09 15:00:00
SIG-000750,ACC-00004,pricing_page_visit,1,web_analytics,2026-06-24 23:00:00
SIG-000751,ACC-00100,demo_request,1,web_analytics,2026-06-18 21:00:00
SIG-000752,ACC-00166,website_visit,6,web_analytics,2026-09-19 04:00:00
SIG-000753,ACC-00106,job_posting_ml_engineer,1,clay,2026-07-09 20:00:00
SIG-000754,ACC-00067,pricing_page_visit,1,web_analytics,2026-09-18 22:00:00
SIG-000755,ACC-00086,website_visit,6,web_analytics,2026-05-29 11:00:00
SIG-000756,ACC-00106,job_posting_ml_engineer,3,clay,2026-05-20 21:00:00
SIG-000757,ACC-00029,job_posting_ml_engineer,2,clay,2026-05-13 17:00:00
SIG-000758,ACC-00006,website_visit,8,web_analytics,2026-08-21 03:00:00
SIG-000759,ACC-00065,website_visit,3,web_analytics,2026-05-30 20:00:00
SIG-000760,ACC-00098,product_usage_growth,22,product_telemetry,2026-05-20 21:00:00
SIG-000761,ACC-00042,open_source_model_interest,1,job_boards,2026-07-24 00:00:00
SIG-000762,ACC-00157,website_visit,6,web_analytics,2026-05-31 11:00:00
SIG-000763,ACC-00010,website_visit,2,web_analytics,2026-08-01 19:00:00
SIG-000764,ACC-00150,pricing_page_visit,1,web_analytics,2026-07-02 17:00:00
SIG-000765,ACC-00052,product_usage_growth,36,product_telemetry,2026-08-18 02:00:00
SIG-000766,ACC-00155,website_visit,7,web_analytics,2026-05-25 08:00:00
SIG-000767,ACC-00092,product_usage_growth,8,product_telemetry,2026-07-09 14:00:00
SIG-000768,ACC-00183,website_visit,6,web_analytics,2026-08-19 10:00:00
SIG-000769,ACC-00184,email_engagement,1,email_platform,2026-06-15 17:00:00
SIG-000770,ACC-00089,website_visit,4,web_analytics,2026-08-05 03:00:00
SIG-000771,ACC-00080,open_source_model_interest,1,job_boards,2026-06-11 08:00:00
SIG-000772,ACC-00142,open_source_model_interest,1,job_boards,2026-07-09 09:00:00
SIG-000773,ACC-00053,job_posting_ml_engineer,1,clay,2026-06-29 00:00:00
SIG-000774,ACC-00017,product_usage_growth,10,product_telemetry,2026-08-15 04:00:00
SIG-000775,ACC-00078,product_usage_growth,15,product_telemetry,2026-09-17 07:00:00
SIG-000776,ACC-00151,website_visit,3,web_analytics,2026-08-07 17:00:00
SIG-000777,ACC-00142,website_visit,1,web_analytics,2026-06-25 00:00:00
SIG-000778,ACC-00042,email_engagement,1,email_platform,2026-08-20 11:00:00
SIG-000779,ACC-00092,demo_request,1,web_analytics,2026-05-23 22:00:00
SIG-000780,ACC-00172,demo_request,1,web_analytics,2026-08-21 16:00:00
SIG-000781,ACC-00172,demo_request,1,web_analytics,2026-07-10 20:00:00
SIG-000782,ACC-00155,website_visit,8,web_analytics,2026-08-18 15:00:00
SIG-000783,ACC-00191,product_usage_growth,-8,product_telemetry,2026-06-11 01:00:00
SIG-000784,ACC-00139,email_engagement,1,email_platform,2026-08-03 23:00:00
SIG-000785,ACC-00005,email_engagement,1,email_platform,2026-08-18 00:00:00
SIG-000786,ACC-00054,website_visit,5,web_analytics,2026-08-19 02:00:00
SIG-000787,ACC-00155,website_visit,1,web_analytics,2026-09-08 02:00:00
SIG-000788,ACC-00079,demo_request,1,web_analytics,2026-07-01 02:00:00
SIG-000789,ACC-00094,email_engagement,1,email_platform,2026-07-21 17:00:00
SIG-000790,ACC-00092,product_usage_growth,60,product_telemetry,2026-07-26 00:00:00
SIG-000791,ACC-00042,job_posting_ml_engineer,1,clay,2026-07-16 10:00:00
SIG-000792,ACC-00054,pricing_page_visit,1,web_analytics,2026-08-14 01:00:00
SIG-000793,ACC-00172,job_posting_ml_engineer,3,clay,2026-08-09 05:00:00
SIG-000794,ACC-00084,open_source_model_interest,1,job_boards,2026-07-18 16:00:00
SIG-000795,ACC-00155,website_visit,7,web_analytics,2026-08-28 07:00:00
SIG-000796,ACC-00073,website_visit,4,web_analytics,2026-08-25 06:00:00
SIG-000797,ACC-00060,pricing_page_visit,1,web_analytics,2026-07-03 00:00:00
SIG-000798,ACC-00129,website_visit,6,web_analytics,2026-07-11 23:00:00
SIG-000799,ACC-00005,website_visit,7,web_analytics,2026-06-08 03:00:00
SIG-000800,ACC-00070,website_visit,3,web_analytics,2026-06-15 00:00:00
SIG-000801,ACC-00017,open_source_model_interest,1,job_boards,2026-05-25 13:00:00
SIG-000802,ACC-00100,funding_event,1,news_feed,2026-07-23 09:00:00
SIG-000803,ACC-00026,open_source_model_interest,1,job_boards,2026-08-30 16:00:00
SIG-000804,ACC-00027,website_visit,1,web_analytics,2026-05-16 18:00:00
SIG-000805,ACC-00112,demo_request,1,web_analytics,2026-08-19 06:00:00
SIG-000806,ACC-00063,product_usage_growth,58,product_telemetry,2026-06-23 11:00:00
SIG-000807,ACC-00173,open_source_model_interest,1,job_boards,2026-07-24 13:00:00
SIG-000808,ACC-00042,email_engagement,1,email_platform,2026-06-14 13:00:00
SIG-000809,ACC-00010,pricing_page_visit,1,web_analytics,2026-07-05 03:00:00
SIG-000810,ACC-00063,website_visit,7,web_analytics,2026-09-10 04:00:00
SIG-000811,ACC-00128,website_visit,1,web_analytics,2026-07-05 07:00:00
SIG-000812,ACC-00100,product_usage_growth,35,product_telemetry,2026-09-17 15:00:00
SIG-000813,ACC-00063,website_visit,3,web_analytics,2026-05-18 18:00:00
SIG-000814,ACC-00181,website_visit,8,web_analytics,2026-07-05 07:00:00
SIG-000815,ACC-00054,email_engagement,1,email_platform,2026-05-30 13:00:00
SIG-000816,ACC-00193,pricing_page_visit,1,web_analytics,2026-08-02 09:00:00
SIG-000817,ACC-00108,pricing_page_visit,1,web_analytics,2026-07-31 03:00:00
SIG-000818,ACC-00072,website_visit,8,web_analytics,2026-06-28 06:00:00
SIG-000819,ACC-00193,product_usage_growth,4,product_telemetry,2026-08-23 18:00:00
SIG-000820,ACC-00100,email_engagement,1,email_platform,2026-06-01 23:00:00
SIG-000821,ACC-00115,email_engagement,1,email_platform,2026-06-02 11:00:00
SIG-000822,ACC-00190,email_engagement,1,email_platform,2026-07-13 20:00:00
SIG-000823,ACC-00122,website_visit,2,web_analytics,2026-08-12 11:00:00
SIG-000824,ACC-00108,website_visit,4,web_analytics,2026-09-14 23:00:00
SIG-000825,ACC-00005,pricing_page_visit,1,web_analytics,2026-06-25 05:00:00
SIG-000826,ACC-00134,pricing_page_visit,1,web_analytics,2026-07-13 07:00:00
SIG-000827,ACC-00100,job_posting_ml_engineer,3,clay,2026-08-04 17:00:00
SIG-000828,ACC-00181,job_posting_ml_engineer,3,clay,2026-07-09 23:00:00
SIG-000829,ACC-00054,website_visit,8,web_analytics,2026-07-04 15:00:00
SIG-000830,ACC-00004,demo_request,1,web_analytics,2026-06-18 19:00:00
SIG-000831,ACC-00139,email_engagement,1,email_platform,2026-06-13 16:00:00
SIG-000832,ACC-00037,email_engagement,1,email_platform,2026-07-31 20:00:00
SIG-000833,ACC-00010,website_visit,6,web_analytics,2026-07-30 01:00:00
SIG-000834,ACC-00015,website_visit,7,web_analytics,2026-06-18 04:00:00
SIG-000835,ACC-00034,product_usage_growth,43,product_telemetry,2026-05-14 18:00:00
SIG-000836,ACC-00089,job_posting_ml_engineer,3,clay,2026-09-03 20:00:00
SIG-000837,ACC-00108,email_engagement,1,email_platform,2026-05-12 06:00:00
SIG-000838,ACC-00103,pricing_page_visit,1,web_analytics,2026-09-19 13:00:00
SIG-000839,ACC-00155,job_posting_ml_engineer,3,clay,2026-07-25 09:00:00
SIG-000840,ACC-00145,website_visit,4,web_analytics,2026-07-21 09:00:00
SIG-000841,ACC-00042,open_source_model_interest,1,job_boards,2026-09-05 22:00:00
SIG-000842,ACC-00057,email_engagement,1,email_platform,2026-06-28 16:00:00
SIG-000843,ACC-00144,website_visit,3,web_analytics,2026-06-28 17:00:00
SIG-000844,ACC-00006,product_usage_growth,12,product_telemetry,2026-07-16 18:00:00
SIG-000845,ACC-00153,website_visit,7,web_analytics,2026-07-29 04:00:00
SIG-000846,ACC-00089,website_visit,7,web_analytics,2026-07-21 19:00:00
SIG-000847,ACC-00098,website_visit,8,web_analytics,2026-08-04 04:00:00
SIG-000848,ACC-00054,website_visit,8,web_analytics,2026-09-14 09:00:00
SIG-000849,ACC-00054,product_usage_growth,8,product_telemetry,2026-09-01 05:00:00
SIG-000850,ACC-00172,open_source_model_interest,1,job_boards,2026-08-25 06:00:00
SIG-000851,ACC-00010,product_usage_growth,21,product_telemetry,2026-08-29 10:00:00
SIG-000852,ACC-00172,email_engagement,1,email_platform,2026-06-24 20:00:00
SIG-000853,ACC-00042,email_engagement,1,email_platform,2026-06-27 03:00:00
SIG-000854,ACC-00005,email_engagement,1,email_platform,2026-09-08 15:00:00
SIG-000855,ACC-00030,email_engagement,1,email_platform,2026-07-24 18:00:00
SIG-000856,ACC-00108,website_visit,5,web_analytics,2026-08-22 03:00:00
SIG-000857,ACC-00010,website_visit,5,web_analytics,2026-06-26 15:00:00
SIG-000858,ACC-00006,product_usage_growth,44,product_telemetry,2026-06-25 23:00:00
SIG-000859,ACC-00122,website_visit,5,web_analytics,2026-08-24 10:00:00
SIG-000860,ACC-00173,pricing_page_visit,1,web_analytics,2026-08-11 22:00:00
SIG-000861,ACC-00042,pricing_page_visit,1,web_analytics,2026-06-01 19:00:00
SIG-000862,ACC-00006,pricing_page_visit,1,web_analytics,2026-06-21 08:00:00
SIG-000863,ACC-00127,job_posting_ml_engineer,3,clay,2026-07-19 06:00:00
SIG-000864,ACC-00142,email_engagement,1,email_platform,2026-08-29 00:00:00
SIG-000865,ACC-00138,email_engagement,1,email_platform,2026-06-19 18:00:00
SIG-000866,ACC-00004,pricing_page_visit,1,web_analytics,2026-09-04 07:00:00
SIG-000867,ACC-00198,product_usage_growth,8,product_telemetry,2026-06-04 11:00:00
SIG-000868,ACC-00066,website_visit,3,web_analytics,2026-06-14 19:00:00
SIG-000869,ACC-00122,pricing_page_visit,1,web_analytics,2026-08-10 18:00:00
SIG-000870,ACC-00042,website_visit,2,web_analytics,2026-08-12 13:00:00
SIG-000871,ACC-00039,job_posting_ml_engineer,4,clay,2026-06-25 04:00:00
SIG-000872,ACC-00181,website_visit,2,web_analytics,2026-09-10 23:00:00
SIG-000873,ACC-00132,website_visit,7,web_analytics,2026-07-15 00:00:00
SIG-000874,ACC-00185,website_visit,3,web_analytics,2026-06-15 14:00:00
SIG-000875,ACC-00106,email_engagement,1,email_platform,2026-08-30 20:00:00
SIG-000876,ACC-00084,demo_request,1,web_analytics,2026-09-06 07:00:00
SIG-000877,ACC-00053,website_visit,2,web_analytics,2026-06-26 18:00:00
SIG-000878,ACC-00054,email_engagement,1,email_platform,2026-07-02 12:00:00
SIG-000879,ACC-00167,open_source_model_interest,1,job_boards,2026-09-08 00:00:00
SIG-000880,ACC-00127,website_visit,6,web_analytics,2026-09-17 07:00:00
SIG-000881,ACC-00105,email_engagement,1,email_platform,2026-08-16 20:00:00
SIG-000882,ACC-00088,pricing_page_visit,1,web_analytics,2026-06-14 03:00:00
SIG-000883,ACC-00013,website_visit,3,web_analytics,2026-08-26 20:00:00
SIG-000884,ACC-00063,product_usage_growth,54,product_telemetry,2026-06-24 04:00:00
SIG-000885,ACC-00090,website_visit,7,web_analytics,2026-07-20 12:00:00
SIG-000886,ACC-00159,website_visit,3,web_analytics,2026-09-16 14:00:00
SIG-000887,ACC-00083,email_engagement,1,email_platform,2026-05-26 08:00:00
SIG-000888,ACC-00092,website_visit,5,web_analytics,2026-08-28 16:00:00
SIG-000889,ACC-00198,email_engagement,1,email_platform,2026-08-15 15:00:00
SIG-000890,ACC-00128,website_visit,5,web_analytics,2026-08-17 04:00:00
SIG-000891,ACC-00166,open_source_model_interest,1,job_boards,2026-05-13 04:00:00
SIG-000892,ACC-00181,website_visit,1,web_analytics,2026-08-11 15:00:00
SIG-000893,ACC-00054,email_engagement,1,email_platform,2026-05-23 21:00:00
SIG-000894,ACC-00130,email_engagement,1,email_platform,2026-08-03 19:00:00
SIG-000895,ACC-00108,job_posting_ml_engineer,4,clay,2026-09-03 08:00:00
SIG-000896,ACC-00166,email_engagement,1,email_platform,2026-05-26 17:00:00
SIG-000897,ACC-00124,website_visit,4,web_analytics,2026-06-14 17:00:00
SIG-000898,ACC-00096,funding_event,1,news_feed,2026-07-27 18:00:00
SIG-000899,ACC-00179,pricing_page_visit,1,web_analytics,2026-08-14 16:00:00
SIG-000900,ACC-00006,website_visit,8,web_analytics,2026-07-26 21:00:00
SIG-000901,ACC-00051,product_usage_growth,33,product_telemetry,2026-07-05 13:00:00
SIG-000902,ACC-00122,email_engagement,1,email_platform,2026-06-12 18:00:00
SIG-000903,ACC-00156,website_visit,3,web_analytics,2026-09-16 14:00:00
SIG-000904,ACC-00041,email_engagement,1,email_platform,2026-07-14 02:00:00
SIG-000905,ACC-00119,open_source_model_interest,1,job_boards,2026-09-10 12:00:00
SIG-000906,ACC-00052,pricing_page_visit,1,web_analytics,2026-06-22 12:00:00
SIG-000907,ACC-00177,email_engagement,1,email_platform,2026-09-15 09:00:00
SIG-000908,ACC-00132,product_usage_growth,48,product_telemetry,2026-06-06 05:00:00
SIG-000909,ACC-00155,pricing_page_visit,1,web_analytics,2026-05-25 05:00:00
SIG-000910,ACC-00155,email_engagement,1,email_platform,2026-05-30 22:00:00
SIG-000911,ACC-00166,open_source_model_interest,1,job_boards,2026-08-27 22:00:00
SIG-000912,ACC-00122,website_visit,2,web_analytics,2026-09-10 21:00:00
SIG-000913,ACC-00122,website_visit,8,web_analytics,2026-07-31 03:00:00
SIG-000914,ACC-00093,open_source_model_interest,1,job_boards,2026-09-18 07:00:00
SIG-000915,ACC-00133,website_visit,5,web_analytics,2026-07-20 18:00:00
SIG-000916,ACC-00110,website_visit,1,web_analytics,2026-06-30 08:00:00
SIG-000917,ACC-00163,open_source_model_interest,1,job_boards,2026-06-11 17:00:00
SIG-000918,ACC-00151,pricing_page_visit,1,web_analytics,2026-06-30 02:00:00
SIG-000919,ACC-00066,website_visit,3,web_analytics,2026-07-15 01:00:00
SIG-000920,ACC-00098,website_visit,2,web_analytics,2026-09-16 22:00:00
SIG-000921,ACC-00043,website_visit,2,web_analytics,2026-08-17 04:00:00
SIG-000922,ACC-00095,website_visit,4,web_analytics,2026-07-18 19:00:00
SIG-000923,ACC-00100,job_posting_ml_engineer,3,clay,2026-08-13 22:00:00
SIG-000924,ACC-00163,product_usage_growth,5,product_telemetry,2026-08-23 14:00:00
SIG-000925,ACC-00054,website_visit,8,web_analytics,2026-06-11 15:00:00
SIG-000926,ACC-00009,pricing_page_visit,1,web_analytics,2026-06-04 06:00:00
SIG-000927,ACC-00166,product_usage_growth,28,product_telemetry,2026-09-17 13:00:00
SIG-000928,ACC-00165,email_engagement,1,email_platform,2026-06-23 03:00:00
SIG-000929,ACC-00157,email_engagement,1,email_platform,2026-07-31 23:00:00
SIG-000930,ACC-00004,email_engagement,1,email_platform,2026-08-21 12:00:00
SIG-000931,ACC-00042,website_visit,3,web_analytics,2026-05-19 12:00:00
SIG-000932,ACC-00093,job_posting_ml_engineer,4,clay,2026-05-31 02:00:00
SIG-000933,ACC-00053,website_visit,4,web_analytics,2026-08-24 00:00:00
SIG-000934,ACC-00154,website_visit,4,web_analytics,2026-05-28 05:00:00
SIG-000935,ACC-00073,product_usage_growth,44,product_telemetry,2026-07-30 00:00:00
SIG-000936,ACC-00172,product_usage_growth,-6,product_telemetry,2026-05-12 10:00:00
SIG-000937,ACC-00079,email_engagement,1,email_platform,2026-08-21 13:00:00
SIG-000938,ACC-00113,funding_event,1,news_feed,2026-07-25 21:00:00
SIG-000939,ACC-00042,funding_event,1,news_feed,2026-09-16 20:00:00
SIG-000940,ACC-00130,email_engagement,1,email_platform,2026-06-13 09:00:00
SIG-000941,ACC-00138,website_visit,5,web_analytics,2026-05-31 08:00:00
SIG-000942,ACC-00054,website_visit,8,web_analytics,2026-07-11 05:00:00
SIG-000943,ACC-00130,website_visit,6,web_analytics,2026-09-14 09:00:00
SIG-000944,ACC-00163,open_source_model_interest,1,job_boards,2026-06-08 17:00:00
SIG-000945,ACC-00139,website_visit,1,web_analytics,2026-08-26 05:00:00
SIG-000946,ACC-00074,website_visit,6,web_analytics,2026-07-01 03:00:00
SIG-000947,ACC-00104,website_visit,8,web_analytics,2026-06-15 23:00:00
SIG-000948,ACC-00066,website_visit,1,web_analytics,2026-06-28 20:00:00
SIG-000949,ACC-00061,website_visit,4,web_analytics,2026-09-17 20:00:00
SIG-000950,ACC-00070,product_usage_growth,-4,product_telemetry,2026-07-04 16:00:00
SIG-000951,ACC-00191,email_engagement,1,email_platform,2026-08-15 00:00:00
SIG-000952,ACC-00036,website_visit,3,web_analytics,2026-08-19 02:00:00
SIG-000953,ACC-00151,email_engagement,1,email_platform,2026-05-19 11:00:00
SIG-000954,ACC-00198,website_visit,2,web_analytics,2026-07-28 20:00:00
SIG-000955,ACC-00142,website_visit,1,web_analytics,2026-06-13 12:00:00
SIG-000956,ACC-00091,website_visit,6,web_analytics,2026-08-11 02:00:00
SIG-000957,ACC-00042,website_visit,6,web_analytics,2026-07-30 06:00:00
SIG-000958,ACC-00089,pricing_page_visit,1,web_analytics,2026-05-24 15:00:00
SIG-000959,ACC-00065,website_visit,8,web_analytics,2026-09-12 03:00:00
SIG-000960,ACC-00119,pricing_page_visit,1,web_analytics,2026-06-01 12:00:00
SIG-000961,ACC-00143,pricing_page_visit,1,web_analytics,2026-07-12 07:00:00
SIG-000962,ACC-00172,pricing_page_visit,1,web_analytics,2026-08-02 06:00:00
SIG-000963,ACC-00089,email_engagement,1,email_platform,2026-09-06 22:00:00
SIG-000964,ACC-00010,website_visit,1,web_analytics,2026-07-20 16:00:00
SIG-000965,ACC-00074,website_visit,7,web_analytics,2026-08-25 11:00:00
SIG-000966,ACC-00181,website_visit,4,web_analytics,2026-06-22 22:00:00
SIG-000967,ACC-00166,website_visit,1,web_analytics,2026-05-13 20:00:00
SIG-000968,ACC-00193,website_visit,4,web_analytics,2026-09-02 13:00:00
SIG-000969,ACC-00130,website_visit,1,web_analytics,2026-06-26 18:00:00
SIG-000970,ACC-00089,product_usage_growth,35,product_telemetry,2026-05-21 00:00:00
SIG-000971,ACC-00066,email_engagement,1,email_platform,2026-07-23 02:00:00
SIG-000972,ACC-00197,website_visit,2,web_analytics,2026-06-26 04:00:00
SIG-000973,ACC-00093,open_source_model_interest,1,job_boards,2026-06-18 04:00:00
SIG-000974,ACC-00100,website_visit,6,web_analytics,2026-07-11 21:00:00
SIG-000975,ACC-00167,website_visit,7,web_analytics,2026-06-20 03:00:00
SIG-000976,ACC-00163,job_posting_ml_engineer,3,clay,2026-08-28 12:00:00
SIG-000977,ACC-00100,email_engagement,1,email_platform,2026-08-06 10:00:00
SIG-000978,ACC-00093,product_usage_growth,25,product_telemetry,2026-07-02 12:00:00
SIG-000979,ACC-00143,job_posting_ml_engineer,4,clay,2026-06-23 09:00:00
SIG-000980,ACC-00004,email_engagement,1,email_platform,2026-07-06 23:00:00
SIG-000981,ACC-00045,website_visit,5,web_analytics,2026-09-16 04:00:00
SIG-000982,ACC-00092,product_usage_growth,52,product_telemetry,2026-07-03 18:00:00
SIG-000983,ACC-00181,product_usage_growth,7,product_telemetry,2026-06-22 09:00:00
SIG-000984,ACC-00132,demo_request,1,web_analytics,2026-08-13 19:00:00
SIG-000985,ACC-00163,open_source_model_interest,1,job_boards,2026-05-21 07:00:00
SIG-000986,ACC-00181,email_engagement,1,email_platform,2026-07-15 09:00:00
SIG-000987,ACC-00048,email_engagement,1,email_platform,2026-07-17 14:00:00
SIG-000988,ACC-00063,website_visit,2,web_analytics,2026-08-04 06:00:00
SIG-000989,ACC-00115,website_visit,8,web_analytics,2026-06-20 04:00:00
SIG-000990,ACC-00130,pricing_page_visit,1,web_analytics,2026-09-13 05:00:00
SIG-000991,ACC-00042,email_engagement,1,email_platform,2026-06-16 14:00:00
SIG-000992,ACC-00148,product_usage_growth,6,product_telemetry,2026-06-07 21:00:00
SIG-000993,ACC-00198,product_usage_growth,0,product_telemetry,2026-09-05 10:00:00
SIG-000994,ACC-00170,website_visit,2,web_analytics,2026-06-27 17:00:00
SIG-000995,ACC-00163,demo_request,1,web_analytics,2026-08-14 01:00:00
SIG-000996,ACC-00130,website_visit,3,web_analytics,2026-09-18 03:00:00
SIG-000997,ACC-00055,website_visit,1,web_analytics,2026-08-26 11:00:00
SIG-000998,ACC-00142,website_visit,8,web_analytics,2026-08-19 09:00:00
SIG-000999,ACC-00054,product_usage_growth,5,product_telemetry,2026-06-01 14:00:00
SIG-001000,ACC-00051,website_visit,4,web_analytics,2026-07-30 03:00:00
SIG-001001,ACC-00078,demo_request,1,web_analytics,2026-06-11 06:00:00
SIG-001002,ACC-00031,email_engagement,1,email_platform,2026-07-09 04:00:00
SIG-001003,ACC-00108,website_visit,5,web_analytics,2026-09-09 07:00:00
SIG-001004,ACC-00123,product_usage_growth,-9,product_telemetry,2026-08-10 07:00:00
SIG-001005,ACC-00132,website_visit,7,web_analytics,2026-08-12 07:00:00
SIG-001006,ACC-00148,pricing_page_visit,1,web_analytics,2026-06-11 16:00:00
SIG-001007,ACC-00169,email_engagement,1,email_platform,2026-07-15 14:00:00
SIG-001008,ACC-00154,open_source_model_interest,1,job_boards,2026-09-08 18:00:00
SIG-001009,ACC-00044,website_visit,2,web_analytics,2026-06-29 11:00:00
SIG-001010,ACC-00191,funding_event,1,news_feed,2026-06-04 16:00:00
SIG-001011,ACC-00089,website_visit,2,web_analytics,2026-09-12 13:00:00
SIG-001012,ACC-00191,pricing_page_visit,1,web_analytics,2026-07-17 03:00:00
SIG-001013,ACC-00092,website_visit,3,web_analytics,2026-08-01 16:00:00
SIG-001014,ACC-00165,open_source_model_interest,1,job_boards,2026-08-15 18:00:00
SIG-001015,ACC-00122,email_engagement,1,email_platform,2026-05-15 12:00:00
SIG-001016,ACC-00150,product_usage_growth,7,product_telemetry,2026-09-02 04:00:00
SIG-001017,ACC-00108,product_usage_growth,56,product_telemetry,2026-07-05 15:00:00
SIG-001018,ACC-00066,website_visit,6,web_analytics,2026-07-07 10:00:00
SIG-001019,ACC-00100,website_visit,3,web_analytics,2026-07-20 02:00:00
SIG-001020,ACC-00132,website_visit,1,web_analytics,2026-07-13 22:00:00
SIG-001021,ACC-00098,pricing_page_visit,1,web_analytics,2026-08-15 12:00:00
SIG-001022,ACC-00191,pricing_page_visit,1,web_analytics,2026-09-01 00:00:00
SIG-001023,ACC-00183,product_usage_growth,-1,product_telemetry,2026-06-04 23:00:00
SIG-001024,ACC-00024,product_usage_growth,24,product_telemetry,2026-09-09 15:00:00
SIG-001025,ACC-00143,website_visit,6,web_analytics,2026-07-04 11:00:00
SIG-001026,ACC-00005,website_visit,4,web_analytics,2026-05-19 17:00:00
SIG-001027,ACC-00108,job_posting_ml_engineer,4,clay,2026-08-15 15:00:00
SIG-001028,ACC-00166,open_source_model_interest,1,job_boards,2026-06-24 05:00:00
SIG-001029,ACC-00064,website_visit,1,web_analytics,2026-09-08 18:00:00
SIG-001030,ACC-00067,product_usage_growth,6,product_telemetry,2026-05-30 13:00:00
SIG-001031,ACC-00098,pricing_page_visit,1,web_analytics,2026-06-10 03:00:00
SIG-001032,ACC-00172,website_visit,5,web_analytics,2026-06-20 11:00:00
SIG-001033,ACC-00092,open_source_model_interest,1,job_boards,2026-07-13 08:00:00
SIG-001034,ACC-00132,website_visit,6,web_analytics,2026-07-10 16:00:00
SIG-001035,ACC-00042,product_usage_growth,60,product_telemetry,2026-07-28 15:00:00
SIG-001036,ACC-00042,website_visit,4,web_analytics,2026-08-21 18:00:00
SIG-001037,ACC-00012,website_visit,7,web_analytics,2026-09-04 10:00:00
SIG-001038,ACC-00102,email_engagement,1,email_platform,2026-09-08 11:00:00
SIG-001039,ACC-00054,demo_request,1,web_analytics,2026-06-22 18:00:00
SIG-001040,ACC-00197,product_usage_growth,-7,product_telemetry,2026-06-23 19:00:00
SIG-001041,ACC-00115,product_usage_growth,60,product_telemetry,2026-06-11 19:00:00
SIG-001042,ACC-00077,product_usage_growth,56,product_telemetry,2026-07-15 13:00:00
SIG-001043,ACC-00123,job_posting_ml_engineer,2,clay,2026-07-09 21:00:00
SIG-001044,ACC-00025,open_source_model_interest,1,job_boards,2026-09-09 23:00:00
SIG-001045,ACC-00089,demo_request,1,web_analytics,2026-06-29 10:00:00
SIG-001046,ACC-00117,email_engagement,1,email_platform,2026-09-10 07:00:00
SIG-001047,ACC-00146,website_visit,1,web_analytics,2026-07-01 16:00:00
SIG-001048,ACC-00089,job_posting_ml_engineer,3,clay,2026-08-18 11:00:00
SIG-001049,ACC-00041,product_usage_growth,4,product_telemetry,2026-09-10 13:00:00
SIG-001050,ACC-00116,email_engagement,1,email_platform,2026-07-15 10:00:00
SIG-001051,ACC-00100,email_engagement,1,email_platform,2026-08-23 16:00:00
SIG-001052,ACC-00032,email_engagement,1,email_platform,2026-06-15 21:00:00
SIG-001053,ACC-00172,pricing_page_visit,1,web_analytics,2026-06-27 23:00:00
SIG-001054,ACC-00089,open_source_model_interest,1,job_boards,2026-09-12 13:00:00
SIG-001055,ACC-00092,open_source_model_interest,1,job_boards,2026-07-01 02:00:00
SIG-001056,ACC-00193,email_engagement,1,email_platform,2026-09-10 21:00:00
SIG-001057,ACC-00101,job_posting_ml_engineer,1,clay,2026-05-14 00:00:00
SIG-001058,ACC-00191,pricing_page_visit,1,web_analytics,2026-05-30 08:00:00
SIG-001059,ACC-00163,website_visit,4,web_analytics,2026-06-19 11:00:00
SIG-001060,ACC-00195,open_source_model_interest,1,job_boards,2026-06-19 16:00:00
SIG-001061,ACC-00143,website_visit,6,web_analytics,2026-05-28 05:00:00
SIG-001062,ACC-00042,open_source_model_interest,1,job_boards,2026-07-15 09:00:00
SIG-001063,ACC-00010,website_visit,7,web_analytics,2026-07-31 13:00:00
SIG-001064,ACC-00007,website_visit,7,web_analytics,2026-05-21 19:00:00
SIG-001065,ACC-00005,product_usage_growth,-1,product_telemetry,2026-08-17 02:00:00
SIG-001066,ACC-00103,product_usage_growth,41,product_telemetry,2026-07-19 20:00:00
SIG-001067,ACC-00098,product_usage_growth,-5,product_telemetry,2026-08-31 19:00:00
SIG-001068,ACC-00118,product_usage_growth,27,product_telemetry,2026-05-19 20:00:00
SIG-001069,ACC-00054,job_posting_ml_engineer,2,clay,2026-06-16 21:00:00
SIG-001070,ACC-00101,website_visit,3,web_analytics,2026-07-22 09:00:00
SIG-001071,ACC-00016,email_engagement,1,email_platform,2026-06-13 08:00:00
SIG-001072,ACC-00040,website_visit,4,web_analytics,2026-07-10 00:00:00
SIG-001073,ACC-00084,website_visit,5,web_analytics,2026-07-08 10:00:00
SIG-001074,ACC-00061,product_usage_growth,3,product_telemetry,2026-07-21 21:00:00
SIG-001075,ACC-00010,website_visit,3,web_analytics,2026-08-01 18:00:00
SIG-001076,ACC-00010,pricing_page_visit,1,web_analytics,2026-08-18 04:00:00
SIG-001077,ACC-00010,job_posting_ml_engineer,4,clay,2026-05-16 10:00:00
SIG-001078,ACC-00042,open_source_model_interest,1,job_boards,2026-07-24 19:00:00
SIG-001079,ACC-00054,email_engagement,1,email_platform,2026-08-31 20:00:00
SIG-001080,ACC-00013,pricing_page_visit,1,web_analytics,2026-09-17 11:00:00
SIG-001081,ACC-00108,product_usage_growth,23,product_telemetry,2026-05-22 14:00:00
SIG-001082,ACC-00051,job_posting_ml_engineer,2,clay,2026-08-28 02:00:00
SIG-001083,ACC-00195,website_visit,7,web_analytics,2026-07-27 20:00:00
SIG-001084,ACC-00122,demo_request,1,web_analytics,2026-05-19 02:00:00
SIG-001085,ACC-00050,product_usage_growth,52,product_telemetry,2026-05-16 22:00:00
SIG-001086,ACC-00100,email_engagement,1,email_platform,2026-08-22 09:00:00
SIG-001087,ACC-00130,pricing_page_visit,1,web_analytics,2026-05-24 08:00:00
SIG-001088,ACC-00092,job_posting_ml_engineer,4,clay,2026-06-05 21:00:00
SIG-001089,ACC-00092,website_visit,4,web_analytics,2026-06-29 10:00:00
SIG-001090,ACC-00109,pricing_page_visit,1,web_analytics,2026-07-15 17:00:00
SIG-001091,ACC-00193,website_visit,1,web_analytics,2026-06-07 11:00:00
SIG-001092,ACC-00046,email_engagement,1,email_platform,2026-09-13 19:00:00
SIG-001093,ACC-00108,website_visit,6,web_analytics,2026-09-02 22:00:00
SIG-001094,ACC-00063,pricing_page_visit,1,web_analytics,2026-06-09 20:00:00
SIG-001095,ACC-00054,product_usage_growth,17,product_telemetry,2026-07-18 18:00:00
SIG-001096,ACC-00004,job_posting_ml_engineer,4,clay,2026-09-09 13:00:00
SIG-001097,ACC-00004,website_visit,4,web_analytics,2026-08-19 06:00:00
SIG-001098,ACC-00037,product_usage_growth,-1,product_telemetry,2026-09-01 02:00:00
SIG-001099,ACC-00199,job_posting_ml_engineer,1,clay,2026-08-12 15:00:00
SIG-001100,ACC-00104,website_visit,5,web_analytics,2026-09-14 09:00:00
SIG-001101,ACC-00063,website_visit,8,web_analytics,2026-06-02 16:00:00
SIG-001102,ACC-00122,email_engagement,1,email_platform,2026-05-13 11:00:00
SIG-001103,ACC-00142,job_posting_ml_engineer,1,clay,2026-07-24 00:00:00
SIG-001104,ACC-00105,job_posting_ml_engineer,3,clay,2026-08-22 22:00:00
SIG-001105,ACC-00042,product_usage_growth,11,product_telemetry,2026-07-28 03:00:00
SIG-001106,ACC-00025,website_visit,8,web_analytics,2026-05-16 10:00:00
SIG-001107,ACC-00193,pricing_page_visit,1,web_analytics,2026-06-07 18:00:00
SIG-001108,ACC-00063,job_posting_ml_engineer,4,clay,2026-07-21 08:00:00
SIG-001109,ACC-00127,email_engagement,1,email_platform,2026-08-31 06:00:00
SIG-001110,ACC-00004,website_visit,2,web_analytics,2026-05-30 15:00:00
SIG-001111,ACC-00122,email_engagement,1,email_platform,2026-06-04 06:00:00
SIG-001112,ACC-00010,pricing_page_visit,1,web_analytics,2026-06-28 23:00:00
SIG-001113,ACC-00148,demo_request,1,web_analytics,2026-07-28 23:00:00
SIG-001114,ACC-00099,email_engagement,1,email_platform,2026-07-28 08:00:00
SIG-001115,ACC-00188,open_source_model_interest,1,job_boards,2026-05-21 18:00:00
SIG-001116,ACC-00054,website_visit,2,web_analytics,2026-08-02 12:00:00
SIG-001117,ACC-00141,email_engagement,1,email_platform,2026-08-10 16:00:00
SIG-001118,ACC-00155,product_usage_growth,14,product_telemetry,2026-07-11 09:00:00
SIG-001119,ACC-00113,email_engagement,1,email_platform,2026-07-16 01:00:00
SIG-001120,ACC-00172,website_visit,3,web_analytics,2026-07-10 13:00:00
SIG-001121,ACC-00010,website_visit,7,web_analytics,2026-05-21 12:00:00
SIG-001122,ACC-00066,open_source_model_interest,1,job_boards,2026-08-08 03:00:00
SIG-001123,ACC-00086,website_visit,1,web_analytics,2026-05-30 05:00:00
SIG-001124,ACC-00087,website_visit,2,web_analytics,2026-06-15 06:00:00
SIG-001125,ACC-00094,website_visit,6,web_analytics,2026-08-07 22:00:00
SIG-001126,ACC-00186,website_visit,7,web_analytics,2026-07-16 21:00:00
SIG-001127,ACC-00122,demo_request,1,web_analytics,2026-05-22 21:00:00
SIG-001128,ACC-00122,website_visit,4,web_analytics,2026-08-04 19:00:00
SIG-001129,ACC-00054,pricing_page_visit,1,web_analytics,2026-06-27 15:00:00
SIG-001130,ACC-00068,email_engagement,1,email_platform,2026-07-10 22:00:00
SIG-001131,ACC-00015,open_source_model_interest,1,job_boards,2026-09-11 20:00:00
SIG-001132,ACC-00159,email_engagement,1,email_platform,2026-08-24 17:00:00
SIG-001133,ACC-00166,product_usage_growth,6,product_telemetry,2026-08-29 05:00:00
SIG-001134,ACC-00034,website_visit,1,web_analytics,2026-07-10 12:00:00
SIG-001135,ACC-00192,website_visit,6,web_analytics,2026-09-15 21:00:00
SIG-001136,ACC-00181,demo_request,1,web_analytics,2026-08-12 19:00:00
SIG-001137,ACC-00054,pricing_page_visit,1,web_analytics,2026-06-07 13:00:00
SIG-001138,ACC-00004,website_visit,6,web_analytics,2026-05-23 00:00:00
SIG-001139,ACC-00026,email_engagement,1,email_platform,2026-08-27 13:00:00
SIG-001140,ACC-00051,website_visit,1,web_analytics,2026-07-25 22:00:00
SIG-001141,ACC-00006,product_usage_growth,14,product_telemetry,2026-08-17 09:00:00
SIG-001142,ACC-00191,website_visit,5,web_analytics,2026-06-06 11:00:00
SIG-001143,ACC-00073,product_usage_growth,23,product_telemetry,2026-05-30 10:00:00
SIG-001144,ACC-00100,email_engagement,1,email_platform,2026-09-10 00:00:00
SIG-001145,ACC-00155,email_engagement,1,email_platform,2026-07-28 08:00:00
SIG-001146,ACC-00132,email_engagement,1,email_platform,2026-07-28 10:00:00
SIG-001147,ACC-00089,website_visit,2,web_analytics,2026-08-15 04:00:00
SIG-001148,ACC-00099,email_engagement,1,email_platform,2026-06-20 18:00:00
SIG-001149,ACC-00142,pricing_page_visit,1,web_analytics,2026-07-03 13:00:00
SIG-001150,ACC-00051,job_posting_ml_engineer,4,clay,2026-06-09 03:00:00
SIG-001151,ACC-00068,job_posting_ml_engineer,4,clay,2026-07-05 17:00:00
SIG-001152,ACC-00063,job_posting_ml_engineer,4,clay,2026-07-13 00:00:00
SIG-001153,ACC-00004,website_visit,3,web_analytics,2026-07-31 00:00:00
SIG-001154,ACC-00037,demo_request,1,web_analytics,2026-08-14 07:00:00
SIG-001155,ACC-00046,email_engagement,1,email_platform,2026-07-04 09:00:00
SIG-001156,ACC-00066,product_usage_growth,21,product_telemetry,2026-08-10 21:00:00
SIG-001157,ACC-00099,website_visit,3,web_analytics,2026-05-22 01:00:00
SIG-001158,ACC-00182,website_visit,8,web_analytics,2026-07-19 15:00:00
SIG-001159,ACC-00098,job_posting_ml_engineer,4,clay,2026-07-08 21:00:00
SIG-001160,ACC-00112,email_engagement,1,email_platform,2026-09-13 11:00:00
SIG-001161,ACC-00049,job_posting_ml_engineer,3,clay,2026-05-14 18:00:00
SIG-001162,ACC-00196,pricing_page_visit,1,web_analytics,2026-05-15 12:00:00
SIG-001163,ACC-00092,pricing_page_visit,1,web_analytics,2026-06-03 14:00:00
SIG-001164,ACC-00108,demo_request,1,web_analytics,2026-06-04 13:00:00
SIG-001165,ACC-00181,email_engagement,1,email_platform,2026-06-22 21:00:00
SIG-001166,ACC-00171,product_usage_growth,30,product_telemetry,2026-08-18 00:00:00
SIG-001167,ACC-00179,email_engagement,1,email_platform,2026-09-06 09:00:00
SIG-001168,ACC-00193,email_engagement,1,email_platform,2026-06-26 01:00:00
SIG-001169,ACC-00032,funding_event,1,news_feed,2026-08-12 18:00:00
SIG-001170,ACC-00191,email_engagement,1,email_platform,2026-09-07 04:00:00
SIG-001171,ACC-00010,product_usage_growth,-4,product_telemetry,2026-06-17 10:00:00
SIG-001172,ACC-00181,website_visit,1,web_analytics,2026-07-06 07:00:00
SIG-001173,ACC-00130,pricing_page_visit,1,web_analytics,2026-09-10 01:00:00
SIG-001174,ACC-00067,website_visit,2,web_analytics,2026-05-16 05:00:00
SIG-001175,ACC-00092,open_source_model_interest,1,job_boards,2026-08-31 08:00:00
SIG-001176,ACC-00042,email_engagement,1,email_platform,2026-08-30 08:00:00
SIG-001177,ACC-00195,website_visit,7,web_analytics,2026-07-15 19:00:00
SIG-001178,ACC-00024,product_usage_growth,14,product_telemetry,2026-07-15 09:00:00
SIG-001179,ACC-00142,product_usage_growth,37,product_telemetry,2026-05-21 12:00:00
SIG-001180,ACC-00115,website_visit,3,web_analytics,2026-09-07 23:00:00
SIG-001181,ACC-00054,demo_request,1,web_analytics,2026-07-28 18:00:00
SIG-001182,ACC-00172,website_visit,5,web_analytics,2026-08-26 11:00:00
SIG-001183,ACC-00191,pricing_page_visit,1,web_analytics,2026-06-03 22:00:00
SIG-001184,ACC-00142,pricing_page_visit,1,web_analytics,2026-06-30 07:00:00
SIG-001185,ACC-00042,email_engagement,1,email_platform,2026-08-06 21:00:00
SIG-001186,ACC-00108,website_visit,2,web_analytics,2026-08-29 12:00:00
SIG-001187,ACC-00139,pricing_page_visit,1,web_analytics,2026-05-23 18:00:00
SIG-001188,ACC-00163,website_visit,6,web_analytics,2026-09-14 09:00:00
SIG-001189,ACC-00129,open_source_model_interest,1,job_boards,2026-08-19 15:00:00
SIG-001190,ACC-00063,open_source_model_interest,1,job_boards,2026-06-09 01:00:00
SIG-001191,ACC-00198,website_visit,5,web_analytics,2026-08-22 21:00:00
SIG-001192,ACC-00166,job_posting_ml_engineer,4,clay,2026-06-08 03:00:00
SIG-001193,ACC-00077,product_usage_growth,12,product_telemetry,2026-06-09 09:00:00
SIG-001194,ACC-00098,job_posting_ml_engineer,1,clay,2026-06-04 05:00:00
SIG-001195,ACC-00172,website_visit,4,web_analytics,2026-08-29 23:00:00
SIG-001196,ACC-00108,open_source_model_interest,1,job_boards,2026-05-21 21:00:00
SIG-001197,ACC-00100,website_visit,7,web_analytics,2026-05-25 07:00:00
SIG-001198,ACC-00065,website_visit,4,web_analytics,2026-07-06 16:00:00
SIG-001199,ACC-00056,email_engagement,1,email_platform,2026-07-20 13:00:00
SIG-001200,ACC-00132,email_engagement,1,email_platform,2026-05-23 19:00:00
SIG-001201,ACC-00005,job_posting_ml_engineer,4,clay,2026-09-01 05:00:00
SIG-001202,ACC-00187,email_engagement,1,email_platform,2026-09-04 09:00:00
SIG-001203,ACC-00189,job_posting_ml_engineer,4,clay,2026-05-30 05:00:00
SIG-001204,ACC-00030,website_visit,5,web_analytics,2026-06-18 05:00:00
SIG-001205,ACC-00040,product_usage_growth,23,product_telemetry,2026-08-26 08:00:00
SIG-001206,ACC-00022,email_engagement,1,email_platform,2026-06-24 09:00:00
SIG-001207,ACC-00088,funding_event,1,news_feed,2026-08-15 14:00:00
SIG-001208,ACC-00010,website_visit,6,web_analytics,2026-07-02 20:00:00
SIG-001209,ACC-00172,website_visit,8,web_analytics,2026-08-18 14:00:00
SIG-001210,ACC-00102,website_visit,4,web_analytics,2026-07-04 14:00:00
SIG-001211,ACC-00070,pricing_page_visit,1,web_analytics,2026-06-22 22:00:00
SIG-001212,ACC-00143,website_visit,6,web_analytics,2026-08-07 02:00:00
SIG-001213,ACC-00127,product_usage_growth,33,product_telemetry,2026-07-24 09:00:00
SIG-001214,ACC-00042,website_visit,2,web_analytics,2026-05-15 04:00:00
SIG-001215,ACC-00167,product_usage_growth,36,product_telemetry,2026-09-11 06:00:00
SIG-001216,ACC-00088,email_engagement,1,email_platform,2026-05-28 00:00:00
SIG-001217,ACC-00066,website_visit,3,web_analytics,2026-05-26 13:00:00
SIG-001218,ACC-00166,website_visit,5,web_analytics,2026-09-03 14:00:00
SIG-001219,ACC-00019,website_visit,4,web_analytics,2026-08-25 01:00:00
SIG-001220,ACC-00017,website_visit,2,web_analytics,2026-08-21 04:00:00
SIG-001221,ACC-00063,website_visit,4,web_analytics,2026-09-17 00:00:00
SIG-001222,ACC-00010,job_posting_ml_engineer,2,clay,2026-09-19 10:00:00
SIG-001223,ACC-00157,website_visit,3,web_analytics,2026-05-19 02:00:00
SIG-001224,ACC-00172,website_visit,4,web_analytics,2026-05-14 09:00:00
SIG-001225,ACC-00032,open_source_model_interest,1,job_boards,2026-06-30 02:00:00
SIG-001226,ACC-00045,website_visit,7,web_analytics,2026-05-29 08:00:00
SIG-001227,ACC-00141,product_usage_growth,19,product_telemetry,2026-07-27 09:00:00
SIG-001228,ACC-00085,job_posting_ml_engineer,1,clay,2026-07-28 00:00:00
SIG-001229,ACC-00086,website_visit,7,web_analytics,2026-08-10 08:00:00
SIG-001230,ACC-00125,demo_request,1,web_analytics,2026-07-14 03:00:00
SIG-001231,ACC-00081,pricing_page_visit,1,web_analytics,2026-07-01 04:00:00
SIG-001232,ACC-00163,pricing_page_visit,1,web_analytics,2026-09-05 05:00:00
SIG-001233,ACC-00042,open_source_model_interest,1,job_boards,2026-07-27 21:00:00
SIG-001234,ACC-00079,product_usage_growth,44,product_telemetry,2026-06-14 08:00:00
SIG-001235,ACC-00193,website_visit,4,web_analytics,2026-08-23 16:00:00
SIG-001236,ACC-00098,job_posting_ml_engineer,1,clay,2026-05-18 11:00:00
SIG-001237,ACC-00166,email_engagement,1,email_platform,2026-06-24 10:00:00
SIG-001238,ACC-00116,open_source_model_interest,1,job_boards,2026-09-01 08:00:00
SIG-001239,ACC-00191,pricing_page_visit,1,web_analytics,2026-07-30 01:00:00
SIG-001240,ACC-00066,pricing_page_visit,1,web_analytics,2026-08-15 16:00:00
SIG-001241,ACC-00183,job_posting_ml_engineer,3,clay,2026-07-27 13:00:00
SIG-001242,ACC-00066,email_engagement,1,email_platform,2026-07-15 23:00:00
SIG-001243,ACC-00009,website_visit,7,web_analytics,2026-05-18 17:00:00
SIG-001244,ACC-00019,product_usage_growth,45,product_telemetry,2026-09-11 02:00:00
SIG-001245,ACC-00087,funding_event,1,news_feed,2026-09-01 19:00:00
SIG-001246,ACC-00006,open_source_model_interest,1,job_boards,2026-08-28 00:00:00
SIG-001247,ACC-00160,demo_request,1,web_analytics,2026-07-11 04:00:00
SIG-001248,ACC-00193,website_visit,6,web_analytics,2026-06-25 04:00:00
SIG-001249,ACC-00181,job_posting_ml_engineer,1,clay,2026-07-06 18:00:00
SIG-001250,ACC-00103,website_visit,4,web_analytics,2026-08-12 10:00:00
SIG-001251,ACC-00153,demo_request,1,web_analytics,2026-06-20 20:00:00
SIG-001252,ACC-00043,website_visit,3,web_analytics,2026-08-04 15:00:00
SIG-001253,ACC-00166,open_source_model_interest,1,job_boards,2026-06-22 16:00:00
SIG-001254,ACC-00098,open_source_model_interest,1,job_boards,2026-08-09 05:00:00
SIG-001255,ACC-00063,open_source_model_interest,1,job_boards,2026-08-15 04:00:00
SIG-001256,ACC-00108,website_visit,4,web_analytics,2026-05-28 04:00:00
SIG-001257,ACC-00063,job_posting_ml_engineer,1,clay,2026-05-13 00:00:00
SIG-001258,ACC-00035,website_visit,4,web_analytics,2026-06-19 19:00:00
SIG-001259,ACC-00110,website_visit,2,web_analytics,2026-07-16 02:00:00
SIG-001260,ACC-00130,website_visit,7,web_analytics,2026-08-25 07:00:00
SIG-001261,ACC-00092,product_usage_growth,19,product_telemetry,2026-08-28 22:00:00
SIG-001262,ACC-00103,product_usage_growth,31,product_telemetry,2026-09-08 14:00:00
SIG-001263,ACC-00049,email_engagement,1,email_platform,2026-05-22 17:00:00
SIG-001264,ACC-00063,product_usage_growth,43,product_telemetry,2026-08-10 05:00:00
SIG-001265,ACC-00143,open_source_model_interest,1,job_boards,2026-08-09 18:00:00
SIG-001266,ACC-00082,pricing_page_visit,1,web_analytics,2026-09-12 18:00:00
SIG-001267,ACC-00142,website_visit,3,web_analytics,2026-06-14 23:00:00
SIG-001268,ACC-00047,website_visit,1,web_analytics,2026-08-27 05:00:00
SIG-001269,ACC-00032,open_source_model_interest,1,job_boards,2026-05-30 14:00:00
SIG-001270,ACC-00167,website_visit,8,web_analytics,2026-08-18 08:00:00
SIG-001271,ACC-00097,open_source_model_interest,1,job_boards,2026-07-31 14:00:00
SIG-001272,ACC-00042,funding_event,1,news_feed,2026-08-25 20:00:00
SIG-001273,ACC-00166,website_visit,4,web_analytics,2026-07-04 08:00:00
SIG-001274,ACC-00122,demo_request,1,web_analytics,2026-06-03 07:00:00
SIG-001275,ACC-00152,job_posting_ml_engineer,4,clay,2026-07-31 13:00:00
SIG-001276,ACC-00172,website_visit,4,web_analytics,2026-06-29 18:00:00
SIG-001277,ACC-00127,product_usage_growth,47,product_telemetry,2026-07-27 04:00:00
SIG-001278,ACC-00143,pricing_page_visit,1,web_analytics,2026-08-03 10:00:00
SIG-001279,ACC-00142,job_posting_ml_engineer,1,clay,2026-07-14 16:00:00
SIG-001280,ACC-00113,email_engagement,1,email_platform,2026-05-25 15:00:00
SIG-001281,ACC-00191,website_visit,6,web_analytics,2026-05-31 01:00:00
SIG-001282,ACC-00025,open_source_model_interest,1,job_boards,2026-08-01 14:00:00
SIG-001283,ACC-00060,funding_event,1,news_feed,2026-08-12 00:00:00
SIG-001284,ACC-00138,website_visit,6,web_analytics,2026-08-08 07:00:00
SIG-001285,ACC-00181,website_visit,4,web_analytics,2026-06-03 12:00:00
SIG-001286,ACC-00108,website_visit,7,web_analytics,2026-06-29 14:00:00
SIG-001287,ACC-00080,website_visit,5,web_analytics,2026-09-02 17:00:00
SIG-001288,ACC-00039,website_visit,3,web_analytics,2026-08-09 22:00:00
SIG-001289,ACC-00163,website_visit,6,web_analytics,2026-07-11 14:00:00
SIG-001290,ACC-00035,job_posting_ml_engineer,2,clay,2026-08-13 21:00:00
SIG-001291,ACC-00098,website_visit,2,web_analytics,2026-08-23 22:00:00
SIG-001292,ACC-00063,demo_request,1,web_analytics,2026-05-26 14:00:00
SIG-001293,ACC-00198,product_usage_growth,-5,product_telemetry,2026-06-14 10:00:00
SIG-001294,ACC-00130,pricing_page_visit,1,web_analytics,2026-07-24 02:00:00
SIG-001295,ACC-00193,email_engagement,1,email_platform,2026-06-01 05:00:00
SIG-001296,ACC-00010,product_usage_growth,22,product_telemetry,2026-05-12 08:00:00
SIG-001297,ACC-00089,open_source_model_interest,1,job_boards,2026-05-18 11:00:00
SIG-001298,ACC-00060,email_engagement,1,email_platform,2026-06-14 23:00:00
SIG-001299,ACC-00174,pricing_page_visit,1,web_analytics,2026-08-20 11:00:00
SIG-001300,ACC-00181,job_posting_ml_engineer,4,clay,2026-06-22 22:00:00
SIG-001301,ACC-00121,email_engagement,1,email_platform,2026-09-13 12:00:00
SIG-001302,ACC-00010,email_engagement,1,email_platform,2026-06-06 18:00:00
SIG-001303,ACC-00068,pricing_page_visit,1,web_analytics,2026-07-11 04:00:00
SIG-001304,ACC-00087,email_engagement,1,email_platform,2026-06-28 19:00:00
SIG-001305,ACC-00100,funding_event,1,news_feed,2026-06-26 07:00:00
SIG-001306,ACC-00193,funding_event,1,news_feed,2026-08-24 19:00:00
SIG-001307,ACC-00108,website_visit,8,web_analytics,2026-07-30 10:00:00
SIG-001308,ACC-00128,pricing_page_visit,1,web_analytics,2026-08-07 08:00:00
SIG-001309,ACC-00063,email_engagement,1,email_platform,2026-08-31 12:00:00
SIG-001310,ACC-00191,email_engagement,1,email_platform,2026-06-24 01:00:00
SIG-001311,ACC-00042,open_source_model_interest,1,job_boards,2026-06-29 11:00:00
SIG-001312,ACC-00005,website_visit,3,web_analytics,2026-05-16 11:00:00
SIG-001313,ACC-00060,website_visit,4,web_analytics,2026-08-13 18:00:00
SIG-001314,ACC-00004,product_usage_growth,43,product_telemetry,2026-08-01 05:00:00
SIG-001315,ACC-00143,email_engagement,1,email_platform,2026-07-14 05:00:00
SIG-001316,ACC-00066,website_visit,6,web_analytics,2026-06-28 20:00:00
SIG-001317,ACC-00155,email_engagement,1,email_platform,2026-07-01 15:00:00
SIG-001318,ACC-00158,website_visit,6,web_analytics,2026-07-13 00:00:00
SIG-001319,ACC-00121,email_engagement,1,email_platform,2026-08-07 18:00:00
SIG-001320,ACC-00147,demo_request,1,web_analytics,2026-09-02 21:00:00
SIG-001321,ACC-00193,website_visit,5,web_analytics,2026-05-31 20:00:00
SIG-001322,ACC-00038,open_source_model_interest,1,job_boards,2026-07-04 08:00:00
SIG-001323,ACC-00143,open_source_model_interest,1,job_boards,2026-09-05 20:00:00
SIG-001324,ACC-00154,website_visit,2,web_analytics,2026-06-05 19:00:00
SIG-001325,ACC-00063,website_visit,3,web_analytics,2026-05-15 19:00:00
SIG-001326,ACC-00006,website_visit,7,web_analytics,2026-06-13 20:00:00
SIG-001327,ACC-00091,website_visit,5,web_analytics,2026-06-01 10:00:00
SIG-001328,ACC-00051,website_visit,4,web_analytics,2026-08-30 08:00:00
SIG-001329,ACC-00028,email_engagement,1,email_platform,2026-06-16 15:00:00
SIG-001330,ACC-00143,website_visit,6,web_analytics,2026-09-12 00:00:00
SIG-001331,ACC-00021,open_source_model_interest,1,job_boards,2026-07-26 07:00:00
SIG-001332,ACC-00181,product_usage_growth,46,product_telemetry,2026-08-05 02:00:00
SIG-001333,ACC-00130,website_visit,1,web_analytics,2026-07-07 15:00:00
SIG-001334,ACC-00054,email_engagement,1,email_platform,2026-07-31 23:00:00
SIG-001335,ACC-00166,open_source_model_interest,1,job_boards,2026-08-20 21:00:00
SIG-001336,ACC-00090,website_visit,3,web_analytics,2026-08-02 06:00:00
SIG-001337,ACC-00005,open_source_model_interest,1,job_boards,2026-08-26 21:00:00
SIG-001338,ACC-00138,email_engagement,1,email_platform,2026-06-29 14:00:00
SIG-001339,ACC-00063,website_visit,7,web_analytics,2026-06-15 16:00:00
SIG-001340,ACC-00129,website_visit,8,web_analytics,2026-05-15 09:00:00
SIG-001341,ACC-00182,website_visit,1,web_analytics,2026-07-03 00:00:00
SIG-001342,ACC-00150,email_engagement,1,email_platform,2026-09-12 17:00:00
SIG-001343,ACC-00102,website_visit,1,web_analytics,2026-08-05 02:00:00
SIG-001344,ACC-00191,website_visit,4,web_analytics,2026-08-03 11:00:00
SIG-001345,ACC-00022,job_posting_ml_engineer,2,clay,2026-09-08 06:00:00
SIG-001346,ACC-00191,website_visit,5,web_analytics,2026-06-27 13:00:00
SIG-001347,ACC-00062,pricing_page_visit,1,web_analytics,2026-08-13 23:00:00
SIG-001348,ACC-00181,website_visit,7,web_analytics,2026-07-12 05:00:00
SIG-001349,ACC-00110,product_usage_growth,14,product_telemetry,2026-05-18 10:00:00
SIG-001350,ACC-00164,job_posting_ml_engineer,4,clay,2026-07-24 16:00:00
SIG-001351,ACC-00033,website_visit,8,web_analytics,2026-06-28 13:00:00
SIG-001352,ACC-00069,open_source_model_interest,1,job_boards,2026-07-08 09:00:00
SIG-001353,ACC-00070,website_visit,2,web_analytics,2026-08-28 01:00:00
SIG-001354,ACC-00055,website_visit,1,web_analytics,2026-08-23 15:00:00
SIG-001355,ACC-00108,website_visit,2,web_analytics,2026-06-17 04:00:00
SIG-001356,ACC-00117,email_engagement,1,email_platform,2026-06-30 17:00:00
SIG-001357,ACC-00043,pricing_page_visit,1,web_analytics,2026-05-24 12:00:00
SIG-001358,ACC-00018,pricing_page_visit,1,web_analytics,2026-09-03 11:00:00
SIG-001359,ACC-00063,pricing_page_visit,1,web_analytics,2026-09-02 11:00:00
SIG-001360,ACC-00077,email_engagement,1,email_platform,2026-08-21 21:00:00
SIG-001361,ACC-00143,email_engagement,1,email_platform,2026-09-10 14:00:00
SIG-001362,ACC-00179,website_visit,7,web_analytics,2026-06-12 00:00:00
SIG-001363,ACC-00066,job_posting_ml_engineer,1,clay,2026-05-21 00:00:00
SIG-001364,ACC-00076,demo_request,1,web_analytics,2026-05-16 23:00:00
SIG-001365,ACC-00172,email_engagement,1,email_platform,2026-06-19 11:00:00
SIG-001366,ACC-00172,job_posting_ml_engineer,3,clay,2026-06-16 19:00:00
SIG-001367,ACC-00092,website_visit,8,web_analytics,2026-07-23 06:00:00
SIG-001368,ACC-00172,pricing_page_visit,1,web_analytics,2026-05-24 19:00:00
SIG-001369,ACC-00103,email_engagement,1,email_platform,2026-08-15 19:00:00
SIG-001370,ACC-00066,website_visit,4,web_analytics,2026-05-24 01:00:00
SIG-001371,ACC-00108,pricing_page_visit,1,web_analytics,2026-08-14 03:00:00
SIG-001372,ACC-00172,email_engagement,1,email_platform,2026-07-26 08:00:00
SIG-001373,ACC-00044,demo_request,1,web_analytics,2026-09-12 20:00:00
SIG-001374,ACC-00163,demo_request,1,web_analytics,2026-07-31 14:00:00
SIG-001375,ACC-00130,website_visit,3,web_analytics,2026-09-09 21:00:00
SIG-001376,ACC-00006,website_visit,1,web_analytics,2026-08-27 08:00:00
SIG-001377,ACC-00095,website_visit,3,web_analytics,2026-09-03 07:00:00
SIG-001378,ACC-00084,email_engagement,1,email_platform,2026-08-06 09:00:00
SIG-001379,ACC-00155,website_visit,3,web_analytics,2026-08-20 01:00:00
SIG-001380,ACC-00108,website_visit,8,web_analytics,2026-08-20 21:00:00
SIG-001381,ACC-00117,website_visit,1,web_analytics,2026-05-21 06:00:00
SIG-001382,ACC-00200,website_visit,6,web_analytics,2026-05-28 18:00:00
SIG-001383,ACC-00175,email_engagement,1,email_platform,2026-09-02 13:00:00
SIG-001384,ACC-00092,demo_request,1,web_analytics,2026-06-29 09:00:00
SIG-001385,ACC-00025,pricing_page_visit,1,web_analytics,2026-08-07 07:00:00
SIG-001386,ACC-00053,email_engagement,1,email_platform,2026-08-08 17:00:00
SIG-001387,ACC-00183,website_visit,8,web_analytics,2026-09-09 10:00:00
SIG-001388,ACC-00198,demo_request,1,web_analytics,2026-09-11 14:00:00
SIG-001389,ACC-00163,website_visit,1,web_analytics,2026-07-30 03:00:00
SIG-001390,ACC-00005,job_posting_ml_engineer,4,clay,2026-06-18 02:00:00
SIG-001391,ACC-00112,pricing_page_visit,1,web_analytics,2026-07-15 01:00:00
SIG-001392,ACC-00092,website_visit,8,web_analytics,2026-05-12 15:00:00
SIG-001393,ACC-00042,funding_event,1,news_feed,2026-08-05 07:00:00
SIG-001394,ACC-00163,funding_event,1,news_feed,2026-09-15 19:00:00
SIG-001395,ACC-00162,website_visit,8,web_analytics,2026-08-19 17:00:00
SIG-001396,ACC-00055,open_source_model_interest,1,job_boards,2026-08-27 18:00:00
SIG-001397,ACC-00181,website_visit,1,web_analytics,2026-06-28 22:00:00
SIG-001398,ACC-00125,product_usage_growth,50,product_telemetry,2026-07-07 19:00:00
SIG-001399,ACC-00019,pricing_page_visit,1,web_analytics,2026-07-31 10:00:00
SIG-001400,ACC-00155,email_engagement,1,email_platform,2026-08-02 13:00:00
SIG-001401,ACC-00197,open_source_model_interest,1,job_boards,2026-06-06 02:00:00
SIG-001402,ACC-00059,pricing_page_visit,1,web_analytics,2026-09-17 22:00:00
SIG-001403,ACC-00178,website_visit,3,web_analytics,2026-09-03 03:00:00
SIG-001404,ACC-00193,website_visit,7,web_analytics,2026-09-15 19:00:00
SIG-001405,ACC-00085,email_engagement,1,email_platform,2026-06-30 04:00:00
SIG-001406,ACC-00142,pricing_page_visit,1,web_analytics,2026-08-02 11:00:00
SIG-001407,ACC-00014,job_posting_ml_engineer,4,clay,2026-06-28 06:00:00
SIG-001408,ACC-00122,email_engagement,1,email_platform,2026-09-13 14:00:00
SIG-001409,ACC-00101,open_source_model_interest,1,job_boards,2026-09-16 05:00:00
SIG-001410,ACC-00173,product_usage_growth,17,product_telemetry,2026-08-26 18:00:00
SIG-001411,ACC-00042,website_visit,4,web_analytics,2026-06-11 13:00:00
SIG-001412,ACC-00155,website_visit,4,web_analytics,2026-06-01 05:00:00
SIG-001413,ACC-00044,email_engagement,1,email_platform,2026-09-02 08:00:00
SIG-001414,ACC-00159,website_visit,4,web_analytics,2026-06-05 03:00:00
SIG-001415,ACC-00092,email_engagement,1,email_platform,2026-08-18 23:00:00
SIG-001416,ACC-00092,pricing_page_visit,1,web_analytics,2026-05-21 16:00:00
SIG-001417,ACC-00100,pricing_page_visit,1,web_analytics,2026-06-30 22:00:00
SIG-001418,ACC-00125,funding_event,1,news_feed,2026-08-18 08:00:00
SIG-001419,ACC-00150,open_source_model_interest,1,job_boards,2026-05-17 00:00:00
SIG-001420,ACC-00008,website_visit,2,web_analytics,2026-06-29 16:00:00
SIG-001421,ACC-00122,email_engagement,1,email_platform,2026-06-12 12:00:00
SIG-001422,ACC-00074,job_posting_ml_engineer,1,clay,2026-07-18 11:00:00
SIG-001423,ACC-00087,pricing_page_visit,1,web_analytics,2026-06-30 03:00:00
SIG-001424,ACC-00158,product_usage_growth,5,product_telemetry,2026-07-05 19:00:00
SIG-001425,ACC-00063,email_engagement,1,email_platform,2026-06-02 20:00:00
SIG-001426,ACC-00006,website_visit,4,web_analytics,2026-09-13 18:00:00
SIG-001427,ACC-00199,pricing_page_visit,1,web_analytics,2026-05-27 22:00:00
SIG-001428,ACC-00054,email_engagement,1,email_platform,2026-05-26 10:00:00
SIG-001429,ACC-00166,email_engagement,1,email_platform,2026-09-15 15:00:00
SIG-001430,ACC-00098,email_engagement,1,email_platform,2026-06-15 01:00:00
SIG-001431,ACC-00122,demo_request,1,web_analytics,2026-09-10 22:00:00
SIG-001432,ACC-00163,job_posting_ml_engineer,1,clay,2026-05-15 16:00:00
SIG-001433,ACC-00039,website_visit,3,web_analytics,2026-06-19 07:00:00
SIG-001434,ACC-00122,pricing_page_visit,1,web_analytics,2026-09-04 02:00:00
SIG-001435,ACC-00108,job_posting_ml_engineer,2,clay,2026-08-10 15:00:00
SIG-001436,ACC-00070,website_visit,1,web_analytics,2026-07-24 03:00:00
SIG-001437,ACC-00066,job_posting_ml_engineer,2,clay,2026-06-30 08:00:00
SIG-001438,ACC-00172,demo_request,1,web_analytics,2026-09-12 21:00:00
SIG-001439,ACC-00110,email_engagement,1,email_platform,2026-07-28 11:00:00
SIG-001440,ACC-00005,pricing_page_visit,1,web_analytics,2026-08-08 06:00:00
SIG-001441,ACC-00155,website_visit,5,web_analytics,2026-05-12 06:00:00
SIG-001442,ACC-00063,job_posting_ml_engineer,3,clay,2026-06-28 10:00:00
SIG-001443,ACC-00172,website_visit,1,web_analytics,2026-06-08 12:00:00
SIG-001444,ACC-00005,pricing_page_visit,1,web_analytics,2026-07-04 20:00:00
SIG-001445,ACC-00155,product_usage_growth,-4,product_telemetry,2026-07-23 00:00:00
SIG-001446,ACC-00068,website_visit,1,web_analytics,2026-07-26 13:00:00
SIG-001447,ACC-00056,email_engagement,1,email_platform,2026-06-10 23:00:00
SIG-001448,ACC-00129,email_engagement,1,email_platform,2026-08-23 18:00:00
SIG-001449,ACC-00162,website_visit,1,web_analytics,2026-07-04 04:00:00
SIG-001450,ACC-00163,open_source_model_interest,1,job_boards,2026-07-25 22:00:00
SIG-001451,ACC-00122,job_posting_ml_engineer,1,clay,2026-06-04 22:00:00
SIG-001452,ACC-00198,website_visit,2,web_analytics,2026-07-14 04:00:00
SIG-001453,ACC-00056,website_visit,1,web_analytics,2026-09-16 15:00:00
SIG-001454,ACC-00066,email_engagement,1,email_platform,2026-05-20 16:00:00
SIG-001455,ACC-00043,website_visit,7,web_analytics,2026-09-10 03:00:00
SIG-001456,ACC-00130,pricing_page_visit,1,web_analytics,2026-07-09 20:00:00
SIG-001457,ACC-00142,website_visit,5,web_analytics,2026-08-02 11:00:00
SIG-001458,ACC-00004,open_source_model_interest,1,job_boards,2026-07-21 20:00:00
SIG-001459,ACC-00016,website_visit,2,web_analytics,2026-05-22 01:00:00
SIG-001460,ACC-00181,product_usage_growth,34,product_telemetry,2026-06-07 13:00:00
SIG-001461,ACC-00099,email_engagement,1,email_platform,2026-05-15 21:00:00
SIG-001462,ACC-00096,open_source_model_interest,1,job_boards,2026-06-26 07:00:00
SIG-001463,ACC-00119,job_posting_ml_engineer,1,clay,2026-05-12 22:00:00
SIG-001464,ACC-00098,email_engagement,1,email_platform,2026-06-10 16:00:00
SIG-001465,ACC-00032,open_source_model_interest,1,job_boards,2026-07-16 01:00:00
SIG-001466,ACC-00046,job_posting_ml_engineer,4,clay,2026-06-27 19:00:00
SIG-001467,ACC-00099,email_engagement,1,email_platform,2026-06-21 19:00:00
SIG-001468,ACC-00198,open_source_model_interest,1,job_boards,2026-08-01 20:00:00
SIG-001469,ACC-00143,funding_event,1,news_feed,2026-07-03 11:00:00
SIG-001470,ACC-00081,product_usage_growth,-7,product_telemetry,2026-09-15 18:00:00
SIG-001471,ACC-00063,website_visit,2,web_analytics,2026-05-27 15:00:00
SIG-001472,ACC-00100,demo_request,1,web_analytics,2026-06-12 07:00:00
SIG-001473,ACC-00122,email_engagement,1,email_platform,2026-09-11 03:00:00
SIG-001474,ACC-00004,website_visit,8,web_analytics,2026-08-25 05:00:00
SIG-001475,ACC-00162,product_usage_growth,38,product_telemetry,2026-09-10 03:00:00
SIG-001476,ACC-00026,email_engagement,1,email_platform,2026-08-26 04:00:00
SIG-001477,ACC-00098,website_visit,8,web_analytics,2026-07-02 01:00:00
SIG-001478,ACC-00119,website_visit,7,web_analytics,2026-08-18 00:00:00
SIG-001479,ACC-00011,open_source_model_interest,1,job_boards,2026-08-04 04:00:00
SIG-001480,ACC-00163,pricing_page_visit,1,web_analytics,2026-05-17 13:00:00
SIG-001481,ACC-00079,product_usage_growth,32,product_telemetry,2026-06-02 15:00:00
SIG-001482,ACC-00023,website_visit,8,web_analytics,2026-06-11 19:00:00
SIG-001483,ACC-00049,job_posting_ml_engineer,3,clay,2026-07-24 08:00:00
SIG-001484,ACC-00153,product_usage_growth,4,product_telemetry,2026-08-25 13:00:00
SIG-001485,ACC-00193,open_source_model_interest,1,job_boards,2026-06-17 20:00:00
SIG-001486,ACC-00191,email_engagement,1,email_platform,2026-05-21 17:00:00
SIG-001487,ACC-00155,job_posting_ml_engineer,1,clay,2026-07-13 21:00:00
SIG-001488,ACC-00108,email_engagement,1,email_platform,2026-09-13 13:00:00
SIG-001489,ACC-00054,demo_request,1,web_analytics,2026-05-20 16:00:00
SIG-001490,ACC-00172,website_visit,7,web_analytics,2026-07-22 12:00:00
SIG-001491,ACC-00042,job_posting_ml_engineer,1,clay,2026-09-04 02:00:00
SIG-001492,ACC-00032,email_engagement,1,email_platform,2026-08-15 08:00:00
SIG-001493,ACC-00126,funding_event,1,news_feed,2026-05-20 12:00:00
SIG-001494,ACC-00108,email_engagement,1,email_platform,2026-05-12 14:00:00
SIG-001495,ACC-00021,email_engagement,1,email_platform,2026-06-05 22:00:00
SIG-001496,ACC-00066,product_usage_growth,45,product_telemetry,2026-09-09 08:00:00
SIG-001497,ACC-00011,website_visit,6,web_analytics,2026-07-23 19:00:00
SIG-001498,ACC-00126,email_engagement,1,email_platform,2026-07-08 03:00:00
SIG-001499,ACC-00114,email_engagement,1,email_platform,2026-08-12 22:00:00
SIG-001500,ACC-00089,pricing_page_visit,1,web_analytics,2026-06-28 09:00:00
SIG-001501,ACC-00124,email_engagement,1,email_platform,2026-06-25 16:00:00
SIG-001502,ACC-00091,email_engagement,1,email_platform,2026-07-12 09:00:00
SIG-001503,ACC-00062,website_visit,6,web_analytics,2026-06-22 09:00:00
SIG-001504,ACC-00098,email_engagement,1,email_platform,2026-06-02 21:00:00
SIG-001505,ACC-00200,email_engagement,1,email_platform,2026-06-18 20:00:00
SIG-001506,ACC-00086,website_visit,8,web_analytics,2026-07-06 22:00:00
SIG-001507,ACC-00166,funding_event,1,news_feed,2026-06-16 11:00:00
SIG-001508,ACC-00191,website_visit,8,web_analytics,2026-07-15 23:00:00
SIG-001509,ACC-00010,open_source_model_interest,1,job_boards,2026-08-02 10:00:00
SIG-001510,ACC-00120,open_source_model_interest,1,job_boards,2026-07-13 17:00:00
SIG-001511,ACC-00164,open_source_model_interest,1,job_boards,2026-06-12 08:00:00
SIG-001512,ACC-00054,website_visit,1,web_analytics,2026-07-10 15:00:00
SIG-001513,ACC-00072,website_visit,2,web_analytics,2026-09-08 21:00:00
SIG-001514,ACC-00006,website_visit,5,web_analytics,2026-07-20 11:00:00
SIG-001515,ACC-00166,email_engagement,1,email_platform,2026-08-12 18:00:00
SIG-001516,ACC-00085,job_posting_ml_engineer,4,clay,2026-09-15 13:00:00
SIG-001517,ACC-00193,email_engagement,1,email_platform,2026-08-26 11:00:00
SIG-001518,ACC-00060,website_visit,3,web_analytics,2026-07-10 15:00:00
SIG-001519,ACC-00181,website_visit,7,web_analytics,2026-07-22 15:00:00
SIG-001520,ACC-00108,job_posting_ml_engineer,2,clay,2026-06-14 18:00:00
SIG-001521,ACC-00073,website_visit,8,web_analytics,2026-06-24 08:00:00
SIG-001522,ACC-00143,email_engagement,1,email_platform,2026-08-13 20:00:00
SIG-001523,ACC-00191,demo_request,1,web_analytics,2026-07-26 08:00:00
SIG-001524,ACC-00089,website_visit,5,web_analytics,2026-05-22 18:00:00
SIG-001525,ACC-00148,website_visit,2,web_analytics,2026-06-12 00:00:00
SIG-001526,ACC-00108,website_visit,7,web_analytics,2026-08-28 05:00:00
SIG-001527,ACC-00066,website_visit,5,web_analytics,2026-08-07 11:00:00
SIG-001528,ACC-00169,email_engagement,1,email_platform,2026-06-18 17:00:00
SIG-001529,ACC-00027,job_posting_ml_engineer,1,clay,2026-09-07 10:00:00
SIG-001530,ACC-00089,email_engagement,1,email_platform,2026-07-10 13:00:00
SIG-001531,ACC-00092,website_visit,2,web_analytics,2026-09-06 00:00:00
SIG-001532,ACC-00193,website_visit,8,web_analytics,2026-07-21 18:00:00
SIG-001533,ACC-00054,email_engagement,1,email_platform,2026-07-13 13:00:00
SIG-001534,ACC-00122,email_engagement,1,email_platform,2026-08-03 11:00:00
SIG-001535,ACC-00087,product_usage_growth,54,product_telemetry,2026-05-13 17:00:00
SIG-001536,ACC-00054,website_visit,3,web_analytics,2026-06-17 00:00:00
SIG-001537,ACC-00122,website_visit,3,web_analytics,2026-08-08 22:00:00
SIG-001538,ACC-00014,website_visit,7,web_analytics,2026-07-08 04:00:00
SIG-001539,ACC-00129,demo_request,1,web_analytics,2026-05-22 22:00:00
SIG-001540,ACC-00094,funding_event,1,news_feed,2026-06-07 13:00:00
SIG-001541,ACC-00131,website_visit,1,web_analytics,2026-06-17 09:00:00
SIG-001542,ACC-00122,pricing_page_visit,1,web_analytics,2026-07-01 03:00:00
SIG-001543,ACC-00004,website_visit,3,web_analytics,2026-07-04 06:00:00
SIG-001544,ACC-00004,product_usage_growth,52,product_telemetry,2026-06-09 04:00:00
SIG-001545,ACC-00099,product_usage_growth,43,product_telemetry,2026-09-06 11:00:00
SIG-001546,ACC-00167,open_source_model_interest,1,job_boards,2026-06-22 04:00:00
SIG-001547,ACC-00171,product_usage_growth,35,product_telemetry,2026-05-20 17:00:00
SIG-001548,ACC-00126,website_visit,6,web_analytics,2026-05-13 13:00:00
SIG-001549,ACC-00010,website_visit,5,web_analytics,2026-05-12 12:00:00
SIG-001550,ACC-00099,website_visit,7,web_analytics,2026-06-22 23:00:00
SIG-001551,ACC-00100,website_visit,2,web_analytics,2026-06-01 02:00:00
SIG-001552,ACC-00198,email_engagement,1,email_platform,2026-06-26 21:00:00
SIG-001553,ACC-00191,job_posting_ml_engineer,2,clay,2026-07-31 16:00:00
SIG-001554,ACC-00074,pricing_page_visit,1,web_analytics,2026-09-16 14:00:00
SIG-001555,ACC-00163,website_visit,3,web_analytics,2026-07-16 12:00:00
SIG-001556,ACC-00006,website_visit,1,web_analytics,2026-09-03 11:00:00
SIG-001557,ACC-00046,open_source_model_interest,1,job_boards,2026-05-25 08:00:00
SIG-001558,ACC-00099,product_usage_growth,31,product_telemetry,2026-08-10 21:00:00
SIG-001559,ACC-00187,email_engagement,1,email_platform,2026-09-14 05:00:00
SIG-001560,ACC-00088,open_source_model_interest,1,job_boards,2026-09-06 00:00:00
SIG-001561,ACC-00089,website_visit,3,web_analytics,2026-07-18 04:00:00
SIG-001562,ACC-00029,job_posting_ml_engineer,4,clay,2026-06-04 00:00:00
SIG-001563,ACC-00006,website_visit,8,web_analytics,2026-09-05 05:00:00
SIG-001564,ACC-00122,website_visit,8,web_analytics,2026-06-17 15:00:00
SIG-001565,ACC-00142,product_usage_growth,17,product_telemetry,2026-06-08 05:00:00
SIG-001566,ACC-00077,website_visit,3,web_analytics,2026-06-28 00:00:00
SIG-001567,ACC-00006,website_visit,2,web_analytics,2026-06-02 03:00:00
SIG-001568,ACC-00182,demo_request,1,web_analytics,2026-08-05 17:00:00
SIG-001569,ACC-00100,demo_request,1,web_analytics,2026-08-08 09:00:00
SIG-001570,ACC-00005,open_source_model_interest,1,job_boards,2026-08-01 13:00:00
SIG-001571,ACC-00129,website_visit,5,web_analytics,2026-08-15 16:00:00
SIG-001572,ACC-00070,website_visit,2,web_analytics,2026-07-09 17:00:00
SIG-001573,ACC-00098,demo_request,1,web_analytics,2026-05-12 09:00:00
SIG-001574,ACC-00191,product_usage_growth,29,product_telemetry,2026-06-28 12:00:00
SIG-001575,ACC-00042,job_posting_ml_engineer,1,clay,2026-08-20 14:00:00
SIG-001576,ACC-00130,website_visit,2,web_analytics,2026-06-30 00:00:00
SIG-001577,ACC-00142,pricing_page_visit,1,web_analytics,2026-05-20 22:00:00
SIG-001578,ACC-00054,pricing_page_visit,1,web_analytics,2026-09-11 10:00:00
SIG-001579,ACC-00142,email_engagement,1,email_platform,2026-08-16 08:00:00
SIG-001580,ACC-00185,pricing_page_visit,1,web_analytics,2026-08-08 10:00:00
SIG-001581,ACC-00142,product_usage_growth,-5,product_telemetry,2026-08-15 11:00:00
SIG-001582,ACC-00130,open_source_model_interest,1,job_boards,2026-09-10 18:00:00
SIG-001583,ACC-00186,pricing_page_visit,1,web_analytics,2026-08-24 03:00:00
SIG-001584,ACC-00132,website_visit,3,web_analytics,2026-07-11 02:00:00
SIG-001585,ACC-00143,open_source_model_interest,1,job_boards,2026-05-25 19:00:00
SIG-001586,ACC-00078,email_engagement,1,email_platform,2026-06-26 18:00:00
SIG-001587,ACC-00172,open_source_model_interest,1,job_boards,2026-05-23 23:00:00
SIG-001588,ACC-00084,product_usage_growth,23,product_telemetry,2026-07-04 22:00:00
SIG-001589,ACC-00062,demo_request,1,web_analytics,2026-09-18 02:00:00
SIG-001590,ACC-00066,open_source_model_interest,1,job_boards,2026-09-19 05:00:00
SIG-001591,ACC-00006,funding_event,1,news_feed,2026-05-13 19:00:00
SIG-001592,ACC-00167,funding_event,1,news_feed,2026-07-08 15:00:00
SIG-001593,ACC-00103,email_engagement,1,email_platform,2026-07-30 18:00:00
SIG-001594,ACC-00024,pricing_page_visit,1,web_analytics,2026-08-25 14:00:00
SIG-001595,ACC-00191,website_visit,5,web_analytics,2026-08-09 05:00:00
SIG-001596,ACC-00054,pricing_page_visit,1,web_analytics,2026-09-02 16:00:00
SIG-001597,ACC-00035,product_usage_growth,-2,product_telemetry,2026-07-12 13:00:00
SIG-001598,ACC-00130,pricing_page_visit,1,web_analytics,2026-07-10 16:00:00
SIG-001599,ACC-00006,pricing_page_visit,1,web_analytics,2026-07-16 19:00:00
SIG-001600,ACC-00166,funding_event,1,news_feed,2026-08-13 08:00:00
SIG-001601,ACC-00191,email_engagement,1,email_platform,2026-06-24 06:00:00
SIG-001602,ACC-00114,website_visit,7,web_analytics,2026-08-01 23:00:00
SIG-001603,ACC-00154,job_posting_ml_engineer,2,clay,2026-05-25 06:00:00
SIG-001604,ACC-00100,website_visit,1,web_analytics,2026-08-02 18:00:00
SIG-001605,ACC-00008,open_source_model_interest,1,job_boards,2026-09-18 08:00:00
SIG-001606,ACC-00025,website_visit,2,web_analytics,2026-05-21 03:00:00
SIG-001607,ACC-00145,job_posting_ml_engineer,1,clay,2026-06-30 11:00:00
SIG-001608,ACC-00122,website_visit,2,web_analytics,2026-08-14 20:00:00
SIG-001609,ACC-00108,open_source_model_interest,1,job_boards,2026-08-31 02:00:00
SIG-001610,ACC-00142,website_visit,5,web_analytics,2026-09-13 09:00:00
SIG-001611,ACC-00191,website_visit,3,web_analytics,2026-08-21 15:00:00
SIG-001612,ACC-00200,pricing_page_visit,1,web_analytics,2026-08-30 11:00:00
SIG-001613,ACC-00092,product_usage_growth,60,product_telemetry,2026-07-05 15:00:00
SIG-001614,ACC-00196,open_source_model_interest,1,job_boards,2026-06-26 10:00:00
SIG-001615,ACC-00039,website_visit,1,web_analytics,2026-09-09 03:00:00
SIG-001616,ACC-00107,email_engagement,1,email_platform,2026-08-30 08:00:00
SIG-001617,ACC-00172,open_source_model_interest,1,job_boards,2026-07-25 19:00:00
SIG-001618,ACC-00047,job_posting_ml_engineer,4,clay,2026-07-12 00:00:00
SIG-001619,ACC-00052,email_engagement,1,email_platform,2026-07-26 23:00:00
SIG-001620,ACC-00053,product_usage_growth,7,product_telemetry,2026-06-08 00:00:00
SIG-001621,ACC-00163,website_visit,4,web_analytics,2026-07-15 22:00:00
SIG-001622,ACC-00004,open_source_model_interest,1,job_boards,2026-08-18 00:00:00
SIG-001623,ACC-00172,email_engagement,1,email_platform,2026-07-22 11:00:00
SIG-001624,ACC-00191,website_visit,7,web_analytics,2026-07-11 15:00:00
SIG-001625,ACC-00170,website_visit,2,web_analytics,2026-08-23 08:00:00
SIG-001626,ACC-00042,website_visit,2,web_analytics,2026-06-06 06:00:00
SIG-001627,ACC-00178,website_visit,4,web_analytics,2026-06-12 07:00:00
SIG-001628,ACC-00181,product_usage_growth,52,product_telemetry,2026-07-11 05:00:00
SIG-001629,ACC-00004,pricing_page_visit,1,web_analytics,2026-05-25 02:00:00
SIG-001630,ACC-00122,website_visit,5,web_analytics,2026-07-10 13:00:00
SIG-001631,ACC-00004,email_engagement,1,email_platform,2026-07-03 22:00:00
SIG-001632,ACC-00063,job_posting_ml_engineer,4,clay,2026-07-12 13:00:00
SIG-001633,ACC-00116,product_usage_growth,52,product_telemetry,2026-06-13 11:00:00
SIG-001634,ACC-00145,email_engagement,1,email_platform,2026-06-17 02:00:00
SIG-001635,ACC-00010,website_visit,5,web_analytics,2026-09-03 00:00:00
SIG-001636,ACC-00031,website_visit,5,web_analytics,2026-08-03 22:00:00
SIG-001637,ACC-00139,website_visit,1,web_analytics,2026-06-04 00:00:00
SIG-001638,ACC-00142,website_visit,2,web_analytics,2026-07-16 20:00:00
SIG-001639,ACC-00154,website_visit,7,web_analytics,2026-06-14 03:00:00
SIG-001640,ACC-00066,pricing_page_visit,1,web_analytics,2026-07-20 01:00:00
SIG-001641,ACC-00066,pricing_page_visit,1,web_analytics,2026-08-15 11:00:00
SIG-001642,ACC-00005,website_visit,7,web_analytics,2026-05-29 20:00:00
SIG-001643,ACC-00193,website_visit,6,web_analytics,2026-07-16 18:00:00
SIG-001644,ACC-00108,website_visit,5,web_analytics,2026-08-27 08:00:00
SIG-001645,ACC-00160,website_visit,5,web_analytics,2026-05-20 20:00:00
SIG-001646,ACC-00054,demo_request,1,web_analytics,2026-06-06 08:00:00
SIG-001647,ACC-00143,email_engagement,1,email_platform,2026-06-22 07:00:00
SIG-001648,ACC-00146,job_posting_ml_engineer,1,clay,2026-07-11 12:00:00
SIG-001649,ACC-00054,website_visit,1,web_analytics,2026-07-28 12:00:00
SIG-001650,ACC-00130,website_visit,8,web_analytics,2026-09-11 15:00:00
SIG-001651,ACC-00189,website_visit,5,web_analytics,2026-09-03 13:00:00
SIG-001652,ACC-00005,website_visit,1,web_analytics,2026-08-23 16:00:00
SIG-001653,ACC-00058,website_visit,7,web_analytics,2026-07-22 20:00:00
SIG-001654,ACC-00072,job_posting_ml_engineer,4,clay,2026-07-26 04:00:00
SIG-001655,ACC-00166,product_usage_growth,30,product_telemetry,2026-07-14 23:00:00
SIG-001656,ACC-00193,funding_event,1,news_feed,2026-07-06 06:00:00
SIG-001657,ACC-00123,open_source_model_interest,1,job_boards,2026-07-22 19:00:00
SIG-001658,ACC-00032,email_engagement,1,email_platform,2026-08-04 01:00:00
SIG-001659,ACC-00036,website_visit,1,web_analytics,2026-08-29 08:00:00
SIG-001660,ACC-00027,website_visit,6,web_analytics,2026-09-08 05:00:00
SIG-001661,ACC-00056,website_visit,4,web_analytics,2026-08-12 23:00:00
SIG-001662,ACC-00122,job_posting_ml_engineer,3,clay,2026-08-07 21:00:00
SIG-001663,ACC-00098,website_visit,1,web_analytics,2026-09-12 16:00:00
SIG-001664,ACC-00198,job_posting_ml_engineer,1,clay,2026-05-19 15:00:00
SIG-001665,ACC-00155,demo_request,1,web_analytics,2026-06-21 08:00:00
SIG-001666,ACC-00010,funding_event,1,news_feed,2026-08-10 16:00:00
SIG-001667,ACC-00041,email_engagement,1,email_platform,2026-08-31 14:00:00
SIG-001668,ACC-00198,website_visit,1,web_analytics,2026-05-22 17:00:00
SIG-001669,ACC-00123,website_visit,1,web_analytics,2026-07-19 06:00:00
SIG-001670,ACC-00098,website_visit,5,web_analytics,2026-06-15 00:00:00
SIG-001671,ACC-00122,website_visit,5,web_analytics,2026-06-16 21:00:00
SIG-001672,ACC-00092,product_usage_growth,60,product_telemetry,2026-09-08 22:00:00
SIG-001673,ACC-00108,website_visit,7,web_analytics,2026-09-14 23:00:00
SIG-001674,ACC-00138,website_visit,2,web_analytics,2026-09-07 15:00:00
SIG-001675,ACC-00068,product_usage_growth,23,product_telemetry,2026-07-14 22:00:00
SIG-001676,ACC-00142,email_engagement,1,email_platform,2026-08-02 02:00:00
SIG-001677,ACC-00106,website_visit,3,web_analytics,2026-06-08 23:00:00
SIG-001678,ACC-00189,website_visit,5,web_analytics,2026-08-10 18:00:00
SIG-001679,ACC-00122,job_posting_ml_engineer,3,clay,2026-06-01 12:00:00
SIG-001680,ACC-00198,website_visit,8,web_analytics,2026-07-06 22:00:00
SIG-001681,ACC-00100,open_source_model_interest,1,job_boards,2026-08-03 06:00:00
SIG-001682,ACC-00188,demo_request,1,web_analytics,2026-07-31 19:00:00
SIG-001683,ACC-00006,email_engagement,1,email_platform,2026-07-07 02:00:00
SIG-001684,ACC-00139,email_engagement,1,email_platform,2026-06-17 11:00:00
SIG-001685,ACC-00132,email_engagement,1,email_platform,2026-05-22 23:00:00
SIG-001686,ACC-00019,demo_request,1,web_analytics,2026-09-05 09:00:00
SIG-001687,ACC-00063,website_visit,6,web_analytics,2026-07-16 00:00:00
SIG-001688,ACC-00191,website_visit,4,web_analytics,2026-08-27 15:00:00
SIG-001689,ACC-00120,email_engagement,1,email_platform,2026-07-20 00:00:00
SIG-001690,ACC-00181,website_visit,4,web_analytics,2026-06-29 11:00:00
SIG-001691,ACC-00122,product_usage_growth,54,product_telemetry,2026-05-15 08:00:00
SIG-001692,ACC-00028,email_engagement,1,email_platform,2026-08-03 12:00:00
SIG-001693,ACC-00011,email_engagement,1,email_platform,2026-08-17 23:00:00
SIG-001694,ACC-00007,website_visit,7,web_analytics,2026-05-15 10:00:00
SIG-001695,ACC-00156,website_visit,7,web_analytics,2026-06-11 07:00:00
SIG-001696,ACC-00092,website_visit,1,web_analytics,2026-09-01 15:00:00
SIG-001697,ACC-00167,job_posting_ml_engineer,1,clay,2026-07-07 11:00:00
SIG-001698,ACC-00143,email_engagement,1,email_platform,2026-08-01 13:00:00
SIG-001699,ACC-00044,open_source_model_interest,1,job_boards,2026-05-27 10:00:00
SIG-001700,ACC-00122,website_visit,5,web_analytics,2026-08-17 02:00:00
SIG-001701,ACC-00195,website_visit,6,web_analytics,2026-07-21 03:00:00
SIG-001702,ACC-00113,pricing_page_visit,1,web_analytics,2026-08-18 05:00:00
SIG-001703,ACC-00008,open_source_model_interest,1,job_boards,2026-07-29 07:00:00
SIG-001704,ACC-00166,website_visit,1,web_analytics,2026-05-26 16:00:00
SIG-001705,ACC-00193,website_visit,3,web_analytics,2026-06-24 07:00:00
SIG-001706,ACC-00122,email_engagement,1,email_platform,2026-05-17 22:00:00
SIG-001707,ACC-00112,job_posting_ml_engineer,2,clay,2026-07-14 09:00:00
SIG-001708,ACC-00014,website_visit,5,web_analytics,2026-05-28 12:00:00
SIG-001709,ACC-00066,email_engagement,1,email_platform,2026-07-27 11:00:00
SIG-001710,ACC-00161,job_posting_ml_engineer,1,clay,2026-05-26 20:00:00
SIG-001711,ACC-00159,product_usage_growth,27,product_telemetry,2026-07-08 00:00:00
SIG-001712,ACC-00004,job_posting_ml_engineer,3,clay,2026-06-07 23:00:00
SIG-001713,ACC-00163,open_source_model_interest,1,job_boards,2026-05-26 16:00:00
SIG-001714,ACC-00079,website_visit,6,web_analytics,2026-08-13 08:00:00
SIG-001715,ACC-00079,website_visit,5,web_analytics,2026-08-02 15:00:00
SIG-001716,ACC-00198,product_usage_growth,8,product_telemetry,2026-06-01 06:00:00
SIG-001717,ACC-00018,pricing_page_visit,1,web_analytics,2026-06-09 22:00:00
SIG-001718,ACC-00198,pricing_page_visit,1,web_analytics,2026-07-26 09:00:00
SIG-001719,ACC-00189,website_visit,4,web_analytics,2026-07-19 02:00:00
SIG-001720,ACC-00155,job_posting_ml_engineer,1,clay,2026-06-06 21:00:00
SIG-001721,ACC-00042,product_usage_growth,-7,product_telemetry,2026-08-13 06:00:00
SIG-001722,ACC-00095,email_engagement,1,email_platform,2026-08-27 01:00:00
SIG-001723,ACC-00108,pricing_page_visit,1,web_analytics,2026-05-19 05:00:00
SIG-001724,ACC-00181,product_usage_growth,33,product_telemetry,2026-08-20 10:00:00
SIG-001725,ACC-00072,pricing_page_visit,1,web_analytics,2026-05-12 10:00:00
SIG-001726,ACC-00014,product_usage_growth,18,product_telemetry,2026-09-19 18:00:00
SIG-001727,ACC-00135,pricing_page_visit,1,web_analytics,2026-09-05 15:00:00
SIG-001728,ACC-00199,pricing_page_visit,1,web_analytics,2026-07-31 23:00:00
SIG-001729,ACC-00004,website_visit,2,web_analytics,2026-09-04 23:00:00
SIG-001730,ACC-00024,website_visit,2,web_analytics,2026-05-26 05:00:00
SIG-001731,ACC-00165,email_engagement,1,email_platform,2026-09-06 19:00:00
SIG-001732,ACC-00172,website_visit,1,web_analytics,2026-05-28 23:00:00
SIG-001733,ACC-00054,website_visit,8,web_analytics,2026-06-05 21:00:00
SIG-001734,ACC-00042,pricing_page_visit,1,web_analytics,2026-06-13 17:00:00
SIG-001735,ACC-00148,job_posting_ml_engineer,3,clay,2026-06-10 02:00:00
SIG-001736,ACC-00071,website_visit,4,web_analytics,2026-05-26 11:00:00
SIG-001737,ACC-00042,open_source_model_interest,1,job_boards,2026-07-30 07:00:00
SIG-001738,ACC-00106,website_visit,2,web_analytics,2026-07-29 13:00:00
SIG-001739,ACC-00024,email_engagement,1,email_platform,2026-07-25 05:00:00
SIG-001740,ACC-00143,open_source_model_interest,1,job_boards,2026-05-16 01:00:00
SIG-001741,ACC-00092,pricing_page_visit,1,web_analytics,2026-08-30 21:00:00
SIG-001742,ACC-00082,website_visit,1,web_analytics,2026-09-07 14:00:00
SIG-001743,ACC-00079,email_engagement,1,email_platform,2026-07-09 17:00:00
SIG-001744,ACC-00063,demo_request,1,web_analytics,2026-08-23 14:00:00
SIG-001745,ACC-00193,funding_event,1,news_feed,2026-09-16 13:00:00
SIG-001746,ACC-00129,product_usage_growth,14,product_telemetry,2026-07-15 02:00:00
SIG-001747,ACC-00111,website_visit,6,web_analytics,2026-07-22 05:00:00
SIG-001748,ACC-00063,product_usage_growth,55,product_telemetry,2026-08-05 01:00:00
SIG-001749,ACC-00085,pricing_page_visit,1,web_analytics,2026-09-14 03:00:00
SIG-001750,ACC-00154,email_engagement,1,email_platform,2026-05-26 03:00:00
SIG-001751,ACC-00107,product_usage_growth,41,product_telemetry,2026-08-13 18:00:00
SIG-001752,ACC-00004,pricing_page_visit,1,web_analytics,2026-08-04 11:00:00
SIG-001753,ACC-00087,demo_request,1,web_analytics,2026-09-16 08:00:00
SIG-001754,ACC-00118,open_source_model_interest,1,job_boards,2026-09-01 02:00:00
SIG-001755,ACC-00048,website_visit,3,web_analytics,2026-05-25 23:00:00
SIG-001756,ACC-00146,email_engagement,1,email_platform,2026-07-08 01:00:00
SIG-001757,ACC-00044,website_visit,1,web_analytics,2026-07-22 21:00:00
SIG-001758,ACC-00114,open_source_model_interest,1,job_boards,2026-07-04 23:00:00
SIG-001759,ACC-00193,email_engagement,1,email_platform,2026-06-23 04:00:00
SIG-001760,ACC-00133,email_engagement,1,email_platform,2026-06-20 13:00:00
SIG-001761,ACC-00155,pricing_page_visit,1,web_analytics,2026-08-03 18:00:00
SIG-001762,ACC-00119,website_visit,2,web_analytics,2026-05-15 23:00:00
SIG-001763,ACC-00102,email_engagement,1,email_platform,2026-08-17 08:00:00
SIG-001764,ACC-00054,email_engagement,1,email_platform,2026-09-19 06:00:00
SIG-001765,ACC-00178,email_engagement,1,email_platform,2026-07-13 18:00:00
SIG-001766,ACC-00096,job_posting_ml_engineer,4,clay,2026-05-26 00:00:00
SIG-001767,ACC-00181,website_visit,5,web_analytics,2026-06-16 10:00:00
SIG-001768,ACC-00143,pricing_page_visit,1,web_analytics,2026-06-20 23:00:00
SIG-001769,ACC-00172,website_visit,3,web_analytics,2026-07-25 12:00:00
SIG-001770,ACC-00150,open_source_model_interest,1,job_boards,2026-07-15 16:00:00
SIG-001771,ACC-00087,website_visit,6,web_analytics,2026-06-24 06:00:00
SIG-001772,ACC-00163,website_visit,4,web_analytics,2026-06-17 15:00:00
SIG-001773,ACC-00143,website_visit,7,web_analytics,2026-09-12 22:00:00
SIG-001774,ACC-00071,open_source_model_interest,1,job_boards,2026-05-17 21:00:00
SIG-001775,ACC-00089,website_visit,4,web_analytics,2026-08-31 15:00:00
SIG-001776,ACC-00157,email_engagement,1,email_platform,2026-06-26 00:00:00
SIG-001777,ACC-00005,website_visit,6,web_analytics,2026-07-03 16:00:00
SIG-001778,ACC-00130,website_visit,6,web_analytics,2026-07-25 19:00:00
SIG-001779,ACC-00166,product_usage_growth,57,product_telemetry,2026-08-26 11:00:00
SIG-001780,ACC-00118,product_usage_growth,24,product_telemetry,2026-08-11 20:00:00
SIG-001781,ACC-00031,website_visit,2,web_analytics,2026-08-05 04:00:00
SIG-001782,ACC-00143,open_source_model_interest,1,job_boards,2026-08-17 03:00:00
SIG-001783,ACC-00100,website_visit,6,web_analytics,2026-08-15 08:00:00
SIG-001784,ACC-00113,pricing_page_visit,1,web_analytics,2026-05-29 10:00:00
SIG-001785,ACC-00054,website_visit,6,web_analytics,2026-06-24 19:00:00
SIG-001786,ACC-00097,funding_event,1,news_feed,2026-05-14 14:00:00
SIG-001787,ACC-00166,product_usage_growth,32,product_telemetry,2026-09-13 14:00:00
SIG-001788,ACC-00005,product_usage_growth,29,product_telemetry,2026-06-15 22:00:00
SIG-001789,ACC-00172,product_usage_growth,6,product_telemetry,2026-08-21 08:00:00
SIG-001790,ACC-00021,website_visit,6,web_analytics,2026-09-11 02:00:00
SIG-001791,ACC-00172,pricing_page_visit,1,web_analytics,2026-07-04 09:00:00
SIG-001792,ACC-00138,email_engagement,1,email_platform,2026-05-14 20:00:00
SIG-001793,ACC-00060,pricing_page_visit,1,web_analytics,2026-08-11 19:00:00
SIG-001794,ACC-00100,product_usage_growth,26,product_telemetry,2026-07-28 16:00:00
SIG-001795,ACC-00048,job_posting_ml_engineer,2,clay,2026-09-03 14:00:00
SIG-001796,ACC-00042,product_usage_growth,1,product_telemetry,2026-09-04 06:00:00
SIG-001797,ACC-00027,email_engagement,1,email_platform,2026-08-10 12:00:00
SIG-001798,ACC-00122,pricing_page_visit,1,web_analytics,2026-08-27 21:00:00
SIG-001799,ACC-00050,product_usage_growth,31,product_telemetry,2026-07-14 19:00:00
SIG-001800,ACC-00147,email_engagement,1,email_platform,2026-08-11 00:00:00
SIG-001801,ACC-00087,website_visit,2,web_analytics,2026-07-19 19:00:00
SIG-001802,ACC-00005,email_engagement,1,email_platform,2026-05-22 13:00:00
SIG-001803,ACC-00181,website_visit,8,web_analytics,2026-09-12 08:00:00
SIG-001804,ACC-00042,email_engagement,1,email_platform,2026-08-24 19:00:00
SIG-001805,ACC-00098,demo_request,1,web_analytics,2026-08-14 11:00:00
SIG-001806,ACC-00087,demo_request,1,web_analytics,2026-07-03 10:00:00
SIG-001807,ACC-00142,job_posting_ml_engineer,4,clay,2026-08-09 06:00:00
SIG-001808,ACC-00004,email_engagement,1,email_platform,2026-08-21 13:00:00
SIG-001809,ACC-00158,product_usage_growth,13,product_telemetry,2026-08-06 04:00:00
SIG-001810,ACC-00005,pricing_page_visit,1,web_analytics,2026-07-27 03:00:00
SIG-001811,ACC-00087,website_visit,4,web_analytics,2026-09-11 21:00:00
SIG-001812,ACC-00029,website_visit,6,web_analytics,2026-08-02 13:00:00
SIG-001813,ACC-00005,website_visit,8,web_analytics,2026-05-14 02:00:00
SIG-001814,ACC-00116,pricing_page_visit,1,web_analytics,2026-06-20 13:00:00
SIG-001815,ACC-00155,pricing_page_visit,1,web_analytics,2026-09-15 10:00:00
SIG-001816,ACC-00064,open_source_model_interest,1,job_boards,2026-05-25 16:00:00
SIG-001817,ACC-00054,open_source_model_interest,1,job_boards,2026-08-07 19:00:00
SIG-001818,ACC-00195,pricing_page_visit,1,web_analytics,2026-07-31 03:00:00
SIG-001819,ACC-00193,email_engagement,1,email_platform,2026-06-05 03:00:00
SIG-001820,ACC-00181,email_engagement,1,email_platform,2026-06-10 17:00:00
SIG-001821,ACC-00191,website_visit,4,web_analytics,2026-05-25 05:00:00
SIG-001822,ACC-00173,website_visit,2,web_analytics,2026-08-22 06:00:00
SIG-001823,ACC-00042,product_usage_growth,-6,product_telemetry,2026-05-28 14:00:00
SIG-001824,ACC-00173,job_posting_ml_engineer,2,clay,2026-07-27 17:00:00
SIG-001825,ACC-00063,pricing_page_visit,1,web_analytics,2026-09-15 21:00:00
SIG-001826,ACC-00172,product_usage_growth,9,product_telemetry,2026-07-09 13:00:00
SIG-001827,ACC-00092,website_visit,7,web_analytics,2026-09-17 00:00:00
SIG-001828,ACC-00038,website_visit,5,web_analytics,2026-09-15 00:00:00
SIG-001829,ACC-00100,open_source_model_interest,1,job_boards,2026-09-19 12:00:00
SIG-001830,ACC-00149,email_engagement,1,email_platform,2026-08-26 11:00:00
SIG-001831,ACC-00034,website_visit,4,web_analytics,2026-06-28 01:00:00
SIG-001832,ACC-00092,job_posting_ml_engineer,2,clay,2026-07-15 16:00:00
SIG-001833,ACC-00043,website_visit,8,web_analytics,2026-08-19 07:00:00
SIG-001834,ACC-00126,website_visit,8,web_analytics,2026-08-07 23:00:00
SIG-001835,ACC-00117,job_posting_ml_engineer,4,clay,2026-09-14 05:00:00
SIG-001836,ACC-00042,product_usage_growth,30,product_telemetry,2026-07-15 13:00:00
SIG-001837,ACC-00179,email_engagement,1,email_platform,2026-09-11 11:00:00
SIG-001838,ACC-00004,email_engagement,1,email_platform,2026-06-17 05:00:00
SIG-001839,ACC-00082,email_engagement,1,email_platform,2026-06-16 09:00:00
SIG-001840,ACC-00054,open_source_model_interest,1,job_boards,2026-08-15 10:00:00
SIG-001841,ACC-00004,website_visit,1,web_analytics,2026-08-19 17:00:00
SIG-001842,ACC-00193,funding_event,1,news_feed,2026-06-09 10:00:00
SIG-001843,ACC-00027,email_engagement,1,email_platform,2026-09-16 02:00:00
SIG-001844,ACC-00193,demo_request,1,web_analytics,2026-09-11 19:00:00
SIG-001845,ACC-00098,job_posting_ml_engineer,1,clay,2026-05-12 17:00:00
SIG-001846,ACC-00010,website_visit,8,web_analytics,2026-08-30 17:00:00
SIG-001847,ACC-00077,pricing_page_visit,1,web_analytics,2026-07-30 06:00:00
SIG-001848,ACC-00191,website_visit,1,web_analytics,2026-06-22 01:00:00
SIG-001849,ACC-00177,pricing_page_visit,1,web_analytics,2026-05-15 18:00:00
SIG-001850,ACC-00155,website_visit,4,web_analytics,2026-08-10 04:00:00
SIG-001851,ACC-00115,product_usage_growth,0,product_telemetry,2026-06-21 00:00:00
SIG-001852,ACC-00066,product_usage_growth,-6,product_telemetry,2026-09-05 10:00:00
SIG-001853,ACC-00122,website_visit,6,web_analytics,2026-08-21 17:00:00
SIG-001854,ACC-00142,demo_request,1,web_analytics,2026-09-13 19:00:00
SIG-001855,ACC-00153,website_visit,2,web_analytics,2026-07-01 11:00:00
SIG-001856,ACC-00185,website_visit,3,web_analytics,2026-05-14 17:00:00
SIG-001857,ACC-00080,demo_request,1,web_analytics,2026-05-15 22:00:00
SIG-001858,ACC-00006,website_visit,8,web_analytics,2026-06-13 23:00:00
SIG-001859,ACC-00078,website_visit,7,web_analytics,2026-07-26 03:00:00
SIG-001860,ACC-00005,email_engagement,1,email_platform,2026-08-06 08:00:00
SIG-001861,ACC-00063,job_posting_ml_engineer,1,clay,2026-09-16 16:00:00
SIG-001862,ACC-00071,website_visit,7,web_analytics,2026-07-27 04:00:00
SIG-001863,ACC-00130,product_usage_growth,1,product_telemetry,2026-06-06 17:00:00
SIG-001864,ACC-00173,demo_request,1,web_analytics,2026-08-29 11:00:00
SIG-001865,ACC-00191,job_posting_ml_engineer,2,clay,2026-08-29 04:00:00
SIG-001866,ACC-00191,product_usage_growth,-1,product_telemetry,2026-06-09 10:00:00
SIG-001867,ACC-00042,website_visit,2,web_analytics,2026-07-22 00:00:00
SIG-001868,ACC-00133,pricing_page_visit,1,web_analytics,2026-09-13 10:00:00
SIG-001869,ACC-00111,email_engagement,1,email_platform,2026-08-02 06:00:00
SIG-001870,ACC-00080,email_engagement,1,email_platform,2026-05-12 03:00:00
SIG-001871,ACC-00155,website_visit,3,web_analytics,2026-08-12 04:00:00
SIG-001872,ACC-00104,email_engagement,1,email_platform,2026-09-08 00:00:00
SIG-001873,ACC-00191,website_visit,2,web_analytics,2026-06-21 05:00:00
SIG-001874,ACC-00155,email_engagement,1,email_platform,2026-07-24 08:00:00
SIG-001875,ACC-00094,website_visit,8,web_analytics,2026-07-06 22:00:00
SIG-001876,ACC-00166,open_source_model_interest,1,job_boards,2026-07-17 19:00:00
SIG-001877,ACC-00166,pricing_page_visit,1,web_analytics,2026-07-02 14:00:00
SIG-001878,ACC-00004,website_visit,6,web_analytics,2026-08-14 13:00:00
SIG-001879,ACC-00095,email_engagement,1,email_platform,2026-08-18 18:00:00
SIG-001880,ACC-00150,open_source_model_interest,1,job_boards,2026-06-09 01:00:00
SIG-001881,ACC-00062,email_engagement,1,email_platform,2026-06-10 03:00:00
SIG-001882,ACC-00198,email_engagement,1,email_platform,2026-09-03 16:00:00
SIG-001883,ACC-00063,open_source_model_interest,1,job_boards,2026-08-09 12:00:00
SIG-001884,ACC-00031,website_visit,8,web_analytics,2026-06-24 13:00:00
SIG-001885,ACC-00015,open_source_model_interest,1,job_boards,2026-06-25 20:00:00
SIG-001886,ACC-00054,pricing_page_visit,1,web_analytics,2026-08-13 10:00:00
SIG-001887,ACC-00010,pricing_page_visit,1,web_analytics,2026-07-11 18:00:00
SIG-001888,ACC-00110,pricing_page_visit,1,web_analytics,2026-09-03 02:00:00
SIG-001889,ACC-00089,email_engagement,1,email_platform,2026-05-24 01:00:00
SIG-001890,ACC-00089,website_visit,5,web_analytics,2026-08-24 11:00:00
SIG-001891,ACC-00163,website_visit,7,web_analytics,2026-06-02 23:00:00
SIG-001892,ACC-00162,funding_event,1,news_feed,2026-05-30 09:00:00
SIG-001893,ACC-00101,email_engagement,1,email_platform,2026-07-15 08:00:00
SIG-001894,ACC-00016,website_visit,3,web_analytics,2026-05-20 07:00:00
SIG-001895,ACC-00108,product_usage_growth,4,product_telemetry,2026-09-01 03:00:00
SIG-001896,ACC-00181,job_posting_ml_engineer,4,clay,2026-06-04 08:00:00
SIG-001897,ACC-00191,demo_request,1,web_analytics,2026-06-15 23:00:00
SIG-001898,ACC-00142,website_visit,1,web_analytics,2026-07-05 02:00:00
SIG-001899,ACC-00068,website_visit,5,web_analytics,2026-07-10 19:00:00
SIG-001900,ACC-00161,pricing_page_visit,1,web_analytics,2026-06-28 05:00:00
SIG-001901,ACC-00004,product_usage_growth,44,product_telemetry,2026-06-18 03:00:00
SIG-001902,ACC-00091,email_engagement,1,email_platform,2026-06-30 11:00:00
SIG-001903,ACC-00143,funding_event,1,news_feed,2026-07-19 07:00:00
SIG-001904,ACC-00108,product_usage_growth,43,product_telemetry,2026-06-24 20:00:00
SIG-001905,ACC-00010,pricing_page_visit,1,web_analytics,2026-09-06 18:00:00
SIG-001906,ACC-00176,pricing_page_visit,1,web_analytics,2026-08-12 09:00:00
SIG-001907,ACC-00198,funding_event,1,news_feed,2026-07-02 06:00:00
SIG-001908,ACC-00098,email_engagement,1,email_platform,2026-08-30 13:00:00
SIG-001909,ACC-00010,website_visit,5,web_analytics,2026-09-18 01:00:00
SIG-001910,ACC-00142,email_engagement,1,email_platform,2026-08-18 12:00:00
SIG-001911,ACC-00048,email_engagement,1,email_platform,2026-07-12 04:00:00
SIG-001912,ACC-00191,pricing_page_visit,1,web_analytics,2026-08-31 14:00:00
SIG-001913,ACC-00046,website_visit,5,web_analytics,2026-06-24 11:00:00
SIG-001914,ACC-00191,email_engagement,1,email_platform,2026-06-21 22:00:00
SIG-001915,ACC-00089,open_source_model_interest,1,job_boards,2026-08-18 21:00:00
SIG-001916,ACC-00196,website_visit,6,web_analytics,2026-07-13 17:00:00
SIG-001917,ACC-00122,website_visit,6,web_analytics,2026-06-24 19:00:00
SIG-001918,ACC-00063,product_usage_growth,7,product_telemetry,2026-08-01 14:00:00
SIG-001919,ACC-00118,website_visit,8,web_analytics,2026-05-30 06:00:00
SIG-001920,ACC-00066,demo_request,1,web_analytics,2026-09-12 12:00:00
SIG-001921,ACC-00146,email_engagement,1,email_platform,2026-06-20 20:00:00
SIG-001922,ACC-00155,website_visit,2,web_analytics,2026-09-09 10:00:00
SIG-001923,ACC-00172,website_visit,7,web_analytics,2026-05-14 14:00:00
SIG-001924,ACC-00066,pricing_page_visit,1,web_analytics,2026-09-09 20:00:00
SIG-001925,ACC-00193,website_visit,2,web_analytics,2026-05-21 02:00:00
SIG-001926,ACC-00006,product_usage_growth,25,product_telemetry,2026-07-16 10:00:00
SIG-001927,ACC-00096,website_visit,7,web_analytics,2026-07-28 01:00:00
SIG-001928,ACC-00180,website_visit,4,web_analytics,2026-08-23 18:00:00
SIG-001929,ACC-00170,job_posting_ml_engineer,2,clay,2026-08-13 01:00:00
SIG-001930,ACC-00132,email_engagement,1,email_platform,2026-08-10 20:00:00
SIG-001931,ACC-00082,open_source_model_interest,1,job_boards,2026-05-20 15:00:00
SIG-001932,ACC-00130,demo_request,1,web_analytics,2026-09-10 16:00:00
SIG-001933,ACC-00157,email_engagement,1,email_platform,2026-07-13 14:00:00
SIG-001934,ACC-00146,demo_request,1,web_analytics,2026-07-21 11:00:00
SIG-001935,ACC-00030,website_visit,2,web_analytics,2026-06-11 13:00:00
SIG-001936,ACC-00149,website_visit,3,web_analytics,2026-08-08 14:00:00
SIG-001937,ACC-00010,website_visit,4,web_analytics,2026-09-15 16:00:00
SIG-001938,ACC-00102,email_engagement,1,email_platform,2026-09-12 02:00:00
SIG-001939,ACC-00156,demo_request,1,web_analytics,2026-09-17 01:00:00
SIG-001940,ACC-00092,website_visit,7,web_analytics,2026-09-03 19:00:00
